118,1,20,0.285714,2,0,12,0,0,0,0,0,0,0,0,0,3,0,-1.000000,-1.000000,-1.000000,-1.000000,-1.000000,-1.000000,-1.000000,21.000000
138,1,26,0.333333,2,0,16,0,0,0,0,0,0,0,2,0,3,0,-1.000000,-1.000000,-1.000000,-1.000000,-1.000000,75.000000,-1.000000,21.000000
141,1,27,0.341772,3,0,16,0,0,0,0,0,0,0,2,0,3,0,-1.000000,-1.000000,-1.000000,-1.000000,-1.000000,75.000000,-1.000000,21.000000
141,1,27,0.341772,2,0,16,1,0,0,0,0,0,0,2,0,3,0,-1.000000,-1.000000,-1.000000,-1.000000,-1.000000,75.000000,-1.000000,21.000000
141,1,27,0.341772,2,0,16,0,1,0,0,0,0,0,2,0,3,0,-1.000000,-1.000000,-1.000000,-1.000000,-1.000000,75.000000,-1.000000,21.000000
144,1,28,0.350000,3,0,16,1,0,0,0,0,0,0,2,0,3,0,-1.000000,-1.000000,-1.000000,-1.000000,-1.000000,75.000000,-1.000000,21.000000
144,1,28,0.350000,3,0,16,0,1,0,0,0,0,0,2,0,3,0,-1.000000,-1.000000,-1.000000,-1.000000,-1.000000,75.000000,-1.000000,21.000000
42,1,8,0.444444,2,0,4,0,0,0,0,0,0,0,0,0,1,0,-1.000000,-1.000000,-1.000000,-1.000000,-1.000000,-1.000000,-1.000000,-1.000000
204,1,40,0.312500,8,0,8,10,0,5,0,0,1,0,1,0,1,0,19.500000,-1.000000,-1.000000,-1.000000,-1.000000,-1.000000,-1.000000,-1.000000
224,1,46,0.338235,8,0,12,10,0,5,0,0,1,0,3,0,1,0,19.500000,-1.000000,-1.000000,-1.000000,-1.000000,66.000000,-1.000000,-1.000000
227,1,47,0.343066,9,0,12,10,0,5,0,0,1,0,3,0,1,0,19.500000,-1.000000,-1.000000,-1.000000,-1.000000,66.000000,-1.000000,-1.000000
227,1,47,0.343066,8,0,12,11,0,5,0,0,1,0,3,0,1,0,19.500000,-1.000000,-1.000000,-1.000000,-1.000000,66.000000,-1.000000,-1.000000
227,1,47,0.343066,8,0,12,10,1,5,0,0,1,0,3,0,1,0,19.500000,-1.000000,-1.000000,-1.000000,-1.000000,66.000000,-1.000000,-1.000000
230,1,48,0.347826,9,0,12,11,0,5,0,0,1,0,3,0,1,0,19.500000,-1.000000,-1.000000,-1.000000,-1.000000,66.000000,-1.000000,-1.000000
230,1,48,0.347826,9,0,12,10,1,5,0,0,1,0,3,0,1,0,19.500000,-1.000000,-1.000000,-1.000000,-1.000000,66.000000,-1.000000,-1.000000
117,1,22,0.318841,2,0,0,0,0,1,0,0,0,0,0,0,2,6,-1.000000,-1.000000,-1.000000,-1.000000,-1.000000,-1.000000,-1.000000,42.000000
41,1,10,0.588235,2,0,0,0,0,1,0,0,0,0,0,0,0,2,-1.000000,-1.000000,-1.000000,-1.000000,-1.000000,-1.000000,-1.000000,-1.000000
128,1,21,0.256098,6,0,0,4,0,1,0,0,0,0,1,0,0,2,-1.000000,-1.000000,-1.000000,-1.000000,-1.000000,-1.000000,-1.000000,-1.000000
182,1,37,0.362745,2,0,20,8,0,1,0,0,0,0,0,0,2,0,-1.000000,-1.000000,-1.000000,-1.000000,-1.000000,-1.000000,-1.000000,76.000000
189,1,39,0.371429,2,0,22,8,0,1,0,0,0,0,0,0,2,0,-1.000000,-1.000000,-1.000000,-1.000000,-1.000000,-1.000000,-1.000000,76.000000
192,1,40,0.377358,3,0,22,8,0,1,0,0,0,0,0,0,2,0,-1.000000,-1.000000,-1.000000,-1.000000,-1.000000,-1.000000,-1.000000,76.000000
192,1,40,0.377358,2,0,22,9,0,1,0,0,0,0,0,0,2,0,-1.000000,-1.000000,-1.000000,-1.000000,-1.000000,-1.000000,-1.000000,76.000000
192,1,40,0.377358,2,0,22,8,1,1,0,0,0,0,0,0,2,0,-1.000000,-1.000000,-1.000000,-1.000000,-1.000000,-1.000000,-1.000000,76.000000
195,1,41,0.383178,3,0,22,9,0,1,0,0,0,0,0,0,2,0,-1.000000,-1.000000,-1.000000,-1.000000,-1.000000,-1.000000,-1.000000,76.000000
195,1,41,0.383178,3,0,22,8,1,1,0,0,0,0,0,0,2,0,-1.000000,-1.000000,-1.000000,-1.000000,-1.000000,-1.000000,-1.000000,76.000000
189,1,39,0.371429,2,0,21,8,0,1,0,0,0,0,0,0,2,0,-1.000000,-1.000000,-1.000000,-1.000000,-1.000000,-1.000000,-1.000000,76.000000
192,1,40,0.377358,3,0,21,8,0,1,0,0,0,0,0,0,2,0,-1.000000,-1.000000,-1.000000,-1.000000,-1.000000,-1.000000,-1.000000,76.000000
192,1,40,0.377358,2,0,21,9,0,1,0,0,0,0,0,0,2,0,-1.000000,-1.000000,-1.000000,-1.000000,-1.000000,-1.000000,-1.000000,76.000000
192,1,40,0.377358,2,0,21,8,1,1,0,0,0,0,0,0,2,0,-1.000000,-1.000000,-1.000000,-1.000000,-1.000000,-1.000000,-1.000000,76.000000
195,1,41,0.383178,3,0,21,9,0,1,0,0,0,0,0,0,2,0,-1.000000,-1.000000,-1.000000,-1.000000,-1.000000,-1.000000,-1.000000,76.000000
195,1,41,0.383178,3,0,21,8,1,1,0,0,0,0,0,0,2,0,-1.000000,-1.000000,-1.000000,-1.000000,-1.000000,-1.000000,-1.000000,76.000000
112,1,27,0.519231,2,0,12,8,0,1,0,0,0,0,0,0,0,0,-1.000000,-1.000000,-1.000000,-1.000000,-1.000000,-1.000000,-1.000000,-1.000000
255,1,45,0.248619,12,0,10,6,0,3,0,0,0,0,0,0,2,0,42.500000,-1.000000,-1.000000,-1.000000,-1.000000,-1.000000,-1.000000,155.000000
262,1,47,0.255435,12,0,12,6,0,3,0,0,0,0,0,0,2,0,42.500000,-1.000000,-1.000000,-1.000000,-1.000000,-1.000000,-1.000000,155.000000
265,1,48,0.259459,13,0,12,6,0,3,0,0,0,0,0,0,2,0,42.500000,-1.000000,-1.000000,-1.000000,-1.000000,-1.000000,-1.000000,155.000000
265,1,48,0.259459,12,0,12,7,0,3,0,0,0,0,0,0,2,0,42.500000,-1.000000,-1.000000,-1.000000,-1.000000,-1.000000,-1.000000,155.000000
265,1,48,0.259459,12,0,12,6,1,3,0,0,0,0,0,0,2,0,42.500000,-1.000000,-1.000000,-1.000000,-1.000000,-1.000000,-1.000000,155.000000
268,1,49,0.263441,13,0,12,7,0,3,0,0,0,0,0,0,2,0,42.500000,-1.000000,-1.000000,-1.000000,-1.000000,-1.000000,-1.000000,155.000000
268,1,49,0.263441,13,0,12,6,1,3,0,0,0,0,0,0,2,0,42.500000,-1.000000,-1.000000,-1.000000,-1.000000,-1.000000,-1.000000,155.000000
262,1,47,0.255435,12,0,11,6,0,3,0,0,0,0,0,0,2,0,42.500000,-1.000000,-1.000000,-1.000000,-1.000000,-1.000000,-1.000000,155.000000
265,1,48,0.259459,13,0,11,6,0,3,0,0,0,0,0,0,2,0,42.500000,-1.000000,-1.000000,-1.000000,-1.000000,-1.000000,-1.000000,155.000000
265,1,48,0.259459,12,0,11,7,0,3,0,0,0,0,0,0,2,0,42.500000,-1.000000,-1.000000,-1.000000,-1.000000,-1.000000,-1.000000,155.000000
265,1,48,0.259459,12,0,11,6,1,3,0,0,0,0,0,0,2,0,42.500000,-1.000000,-1.000000,-1.000000,-1.000000,-1.000000,-1.000000,155.000000
268,1,49,0.263441,13,0,11,7,0,3,0,0,0,0,0,0,2,0,42.500000,-1.000000,-1.000000,-1.000000,-1.000000,-1.000000,-1.000000,155.000000
268,1,49,0.263441,13,0,11,6,1,3,0,0,0,0,0,0,2,0,42.500000,-1.000000,-1.000000,-1.000000,-1.000000,-1.000000,-1.000000,155.000000
172,1,27,0.287234,6,0,6,0,0,0,0,0,0,0,0,0,2,0,-1.000000,-1.000000,-1.000000,-1.000000,-1.000000,-1.000000,-1.000000,56.000000
176,1,28,0.291667,7,0,6,0,0,0,0,0,0,0,0,0,2,0,-1.000000,-1.000000,-1.000000,-1.000000,-1.000000,-1.000000,-1.000000,56.000000
179,1,29,0.298969,8,0,6,0,0,0,0,0,0,0,0,0,2,0,-1.000000,-1.000000,-1.000000,-1.000000,-1.000000,-1.000000,-1.000000,56.000000
179,1,29,0.298969,7,0,6,1,0,0,0,0,0,0,0,0,2,0,-1.000000,-1.000000,-1.000000,-1.000000,-1.000000,-1.000000,-1.000000,56.000000
179,1,29,0.298969,7,0,6,0,1,0,0,0,0,0,0,0,2,0,-1.000000,-1.000000,-1.000000,-1.000000,-1.000000,-1.000000,-1.000000,56.000000
182,1,30,0.306122,8,0,6,1,0,0,0,0,0,0,0,0,2,0,-1.000000,-1.000000,-1.000000,-1.000000,-1.000000,-1.000000,-1.000000,56.000000
182,1,30,0.306122,8,0,6,0,1,0,0,0,0,0,0,0,2,0,-1.000000,-1.000000,-1.000000,-1.000000,-1.000000,-1.000000,-1.000000,56.000000
50,1,9,0.450000,2,0,2,0,0,0,0,0,0,0,0,0,0,0,-1.000000,-1.000000,-1.000000,-1.000000,-1.000000,-1.000000,-1.000000,-1.000000
845,1,167,0.314501,54,2,10,0,12,23,1,0,5,0,0,3,1,3,20.363636,-1.000000,-1.000000,10.500000,-1.000000,-1.000000,19.500000,-1.000000
849,1,168,0.315197,55,2,10,0,12,23,1,0,5,0,0,3,1,3,20.363636,-1.000000,-1.000000,10.500000,-1.000000,-1.000000,19.500000,-1.000000
852,1,169,0.316479,56,2,10,0,12,23,1,0,5,0,0,3,1,3,20.363636,-1.000000,-1.000000,10.500000,-1.000000,-1.000000,19.500000,-1.000000
852,1,169,0.316479,55,2,10,1,12,23,1,0,5,0,0,3,1,3,20.363636,-1.000000,-1.000000,10.500000,-1.000000,-1.000000,19.500000,-1.000000
852,1,169,0.316479,55,2,10,0,13,23,1,0,5,0,0,3,1,3,20.363636,-1.000000,-1.000000,10.500000,-1.000000,-1.000000,19.500000,-1.000000
855,1,170,0.317757,56,2,10,1,12,23,1,0,5,0,0,3,1,3,20.363636,-1.000000,-1.000000,10.500000,-1.000000,-1.000000,19.500000,-1.000000
855,1,170,0.317757,56,2,10,0,13,23,1,0,5,0,0,3,1,3,20.363636,-1.000000,-1.000000,10.500000,-1.000000,-1.000000,19.500000,-1.000000
102,1,17,0.265625,2,0,6,0,0,1,0,0,0,0,0,0,2,0,-1.000000,-1.000000,-1.000000,-1.000000,-1.000000,-1.000000,-1.000000,38.000000
35,1,8,0.533333,2,0,2,0,0,1,0,0,0,0,0,0,0,0,-1.000000,-1.000000,-1.000000,-1.000000,-1.000000,-1.000000,-1.000000,-1.000000
123,1,20,0.253165,6,0,2,4,0,1,0,0,0,0,1,0,0,0,-1.000000,-1.000000,-1.000000,-1.000000,-1.000000,-1.000000,-1.000000,-1.000000
100,1,14,0.218750,2,0,6,0,0,0,0,0,0,0,0,0,3,0,-1.000000,-1.000000,-1.000000,-1.000000,-1.000000,-1.000000,-1.000000,19.000000
117,1,19,0.267606,2,0,8,0,2,0,0,0,0,0,0,0,3,0,-1.000000,-1.000000,-1.000000,-1.000000,-1.000000,-1.000000,-1.000000,19.000000
120,1,20,0.277778,3,0,8,0,2,0,0,0,0,0,0,0,3,0,-1.000000,-1.000000,-1.000000,-1.000000,-1.000000,-1.000000,-1.000000,19.000000
120,1,20,0.277778,2,0,8,1,2,0,0,0,0,0,0,0,3,0,-1.000000,-1.000000,-1.000000,-1.000000,-1.000000,-1.000000,-1.000000,19.000000
120,1,20,0.277778,2,0,8,0,3,0,0,0,0,0,0,0,3,0,-1.000000,-1.000000,-1.000000,-1.000000,-1.000000,-1.000000,-1.000000,19.000000
123,1,21,0.287671,3,0,8,1,2,0,0,0,0,0,0,0,3,0,-1.000000,-1.000000,-1.000000,-1.000000,-1.000000,-1.000000,-1.000000,19.000000
123,1,21,0.287671,3,0,8,0,3,0,0,0,0,0,0,0,3,0,-1.000000,-1.000000,-1.000000,-1.000000,-1.000000,-1.000000,-1.000000,19.000000
36,1,6,0.375000,2,0,2,0,0,0,0,0,0,0,0,0,1,0,-1.000000,-1.000000,-1.000000,-1.000000,-1.000000,-1.000000,-1.000000,-1.000000
151,1,28,0.301075,8,0,2,8,0,2,0,0,1,0,0,0,1,0,37.000000,-1.000000,-1.000000,-1.000000,-1.000000,-1.000000,-1.000000,-1.000000
168,1,33,0.330000,8,0,4,8,2,2,0,0,1,0,0,0,1,0,37.000000,-1.000000,-1.000000,-1.000000,-1.000000,-1.000000,-1.000000,-1.000000
171,1,34,0.336634,9,0,4,8,2,2,0,0,1,0,0,0,1,0,37.000000,-1.000000,-1.000000,-1.000000,-1.000000,-1.000000,-1.000000,-1.000000
171,1,34,0.336634,8,0,4,9,2,2,0,0,1,0,0,0,1,0,37.000000,-1.000000,-1.000000,-1.000000,-1.000000,-1.000000,-1.000000,-1.000000
171,1,34,0.336634,8,0,4,8,3,2,0,0,1,0,0,0,1,0,37.000000,-1.000000,-1.000000,-1.000000,-1.000000,-1.000000,-1.000000,-1.000000
174,1,35,0.343137,9,0,4,9,2,2,0,0,1,0,0,0,1,0,37.000000,-1.000000,-1.000000,-1.000000,-1.000000,-1.000000,-1.000000,-1.000000
174,1,35,0.343137,9,0,4,8,3,2,0,0,1,0,0,0,1,0,37.000000,-1.000000,-1.000000,-1.000000,-1.000000,-1.000000,-1.000000,-1.000000
132,1,25,0.328947,2,0,8,4,2,1,0,0,0,0,0,0,2,0,-1.000000,-1.000000,-1.000000,-1.000000,-1.000000,-1.000000,-1.000000,51.000000
136,1,26,0.333333,2,0,9,4,2,1,0,0,0,0,0,0,2,0,-1.000000,-1.000000,-1.000000,-1.000000,-1.000000,-1.000000,-1.000000,51.000000
139,1,27,0.341772,3,0,9,4,2,1,0,0,0,0,0,0,2,0,-1.000000,-1.000000,-1.000000,-1.000000,-1.000000,-1.000000,-1.000000,51.000000
139,1,27,0.341772,2,0,9,5,2,1,0,0,0,0,0,0,2,0,-1.000000,-1.000000,-1.000000,-1.000000,-1.000000,-1.000000,-1.000000,51.000000
139,1,27,0.341772,2,0,9,4,3,1,0,0,0,0,0,0,2,0,-1.000000,-1.000000,-1.000000,-1.000000,-1.000000,-1.000000,-1.000000,51.000000
142,1,28,0.350000,3,0,9,5,2,1,0,0,0,0,0,0,2,0,-1.000000,-1.000000,-1.000000,-1.000000,-1.000000,-1.000000,-1.000000,51.000000
142,1,28,0.350000,3,0,9,4,3,1,0,0,0,0,0,0,2,0,-1.000000,-1.000000,-1.000000,-1.000000,-1.000000,-1.000000,-1.000000,51.000000
148,1,30,0.365854,2,0,8,4,2,1,0,0,0,0,0,0,2,2,-1.000000,-1.000000,-1.000000,-1.000000,-1.000000,-1.000000,-1.000000,51.000000
151,1,31,0.373494,3,0,8,4,2,1,0,0,0,0,0,0,2,2,-1.000000,-1.000000,-1.000000,-1.000000,-1.000000,-1.000000,-1.000000,51.000000
151,1,31,0.373494,2,0,8,5,2,1,0,0,0,0,0,0,2,2,-1.000000,-1.000000,-1.000000,-1.000000,-1.000000,-1.000000,-1.000000,51.000000
151,1,31,0.373494,2,0,8,4,3,1,0,0,0,0,0,0,2,2,-1.000000,-1.000000,-1.000000,-1.000000,-1.000000,-1.000000,-1.000000,51.000000
154,1,32,0.380952,3,0,8,5,2,1,0,0,0,0,0,0,2,2,-1.000000,-1.000000,-1.000000,-1.000000,-1.000000,-1.000000,-1.000000,51.000000
154,1,32,0.380952,3,0,8,4,3,1,0,0,0,0,0,0,2,2,-1.000000,-1.000000,-1.000000,-1.000000,-1.000000,-1.000000,-1.000000,51.000000
68,1,17,0.607143,2,0,4,4,2,1,0,0,0,0,0,0,0,0,-1.000000,-1.000000,-1.000000,-1.000000,-1.000000,-1.000000,-1.000000,-1.000000
302,1,59,0.295000,12,0,10,8,0,3,2,0,0,0,0,0,2,4,42.500000,3.000000,-1.000000,-1.000000,-1.000000,-1.000000,-1.000000,175.000000
306,1,60,0.297030,12,0,11,8,0,3,2,0,0,0,0,0,2,4,42.500000,3.000000,-1.000000,-1.000000,-1.000000,-1.000000,-1.000000,175.000000
309,1,61,0.300493,13,0,11,8,0,3,2,0,0,0,0,0,2,4,42.500000,3.000000,-1.000000,-1.000000,-1.000000,-1.000000,-1.000000,175.000000
309,1,61,0.300493,12,0,11,9,0,3,2,0,0,0,0,0,2,4,42.500000,3.000000,-1.000000,-1.000000,-1.000000,-1.000000,-1.000000,175.000000
309,1,61,0.300493,12,0,11,8,1,3,2,0,0,0,0,0,2,4,42.500000,3.000000,-1.000000,-1.000000,-1.000000,-1.000000,-1.000000,175.000000
312,1,62,0.303922,13,0,11,9,0,3,2,0,0,0,0,0,2,4,42.500000,3.000000,-1.000000,-1.000000,-1.000000,-1.000000,-1.000000,175.000000
312,1,62,0.303922,13,0,11,8,1,3,2,0,0,0,0,0,2,4,42.500000,3.000000,-1.000000,-1.000000,-1.000000,-1.000000,-1.000000,175.000000
318,1,64,0.310680,12,0,10,8,0,3,2,0,0,0,0,0,2,6,42.500000,3.000000,-1.000000,-1.000000,-1.000000,-1.000000,-1.000000,175.000000
321,1,65,0.314010,13,0,10,8,0,3,2,0,0,0,0,0,2,6,42.500000,3.000000,-1.000000,-1.000000,-1.000000,-1.000000,-1.000000,175.000000
321,1,65,0.314010,12,0,10,9,0,3,2,0,0,0,0,0,2,6,42.500000,3.000000,-1.000000,-1.000000,-1.000000,-1.000000,-1.000000,175.000000
321,1,65,0.314010,12,0,10,8,1,3,2,0,0,0,0,0,2,6,42.500000,3.000000,-1.000000,-1.000000,-1.000000,-1.000000,-1.000000,175.000000
324,1,66,0.317308,13,0,10,9,0,3,2,0,0,0,0,0,2,6,42.500000,3.000000,-1.000000,-1.000000,-1.000000,-1.000000,-1.000000,175.000000
324,1,66,0.317308,13,0,10,8,1,3,2,0,0,0,0,0,2,6,42.500000,3.000000,-1.000000,-1.000000,-1.000000,-1.000000,-1.000000,175.000000
112,1,19,0.287879,2,0,12,0,0,0,0,0,1,0,0,0,2,0,-1.000000,-1.000000,-1.000000,-1.000000,-1.000000,-1.000000,-1.000000,40.000000
119,1,21,0.304348,2,0,14,0,0,0,0,0,1,0,0,0,2,0,-1.000000,-1.000000,-1.000000,-1.000000,-1.000000,-1.000000,-1.000000,40.000000
122,1,22,0.314286,3,0,14,0,0,0,0,0,1,0,0,0,2,0,-1.000000,-1.000000,-1.000000,-1.000000,-1.000000,-1.000000,-1.000000,40.000000
122,1,22,0.314286,2,0,14,1,0,0,0,0,1,0,0,0,2,0,-1.000000,-1.000000,-1.000000,-1.000000,-1.000000,-1.000000,-1.000000,40.000000
122,1,22,0.314286,2,0,14,0,1,0,0,0,1,0,0,0,2,0,-1.000000,-1.000000,-1.000000,-1.000000,-1.000000,-1.000000,-1.000000,40.000000
125,1,23,0.323944,3,0,14,1,0,0,0,0,1,0,0,0,2,0,-1.000000,-1.000000,-1.000000,-1.000000,-1.000000,-1.000000,-1.000000,40.000000
125,1,23,0.323944,3,0,14,0,1,0,0,0,1,0,0,0,2,0,-1.000000,-1.000000,-1.000000,-1.000000,-1.000000,-1.000000,-1.000000,40.000000
119,1,21,0.304348,2,0,13,0,0,0,0,0,1,0,0,0,2,0,-1.000000,-1.000000,-1.000000,-1.000000,-1.000000,-1.000000,-1.000000,40.000000
122,1,22,0.314286,3,0,13,0,0,0,0,0,1,0,0,0,2,0,-1.000000,-1.000000,-1.000000,-1.000000,-1.000000,-1.000000,-1.000000,40.000000
122,1,22,0.314286,2,0,13,1,0,0,0,0,1,0,0,0,2,0,-1.000000,-1.000000,-1.000000,-1.000000,-1.000000,-1.000000,-1.000000,40.000000
122,1,22,0.314286,2,0,13,0,1,0,0,0,1,0,0,0,2,0,-1.000000,-1.000000,-1.000000,-1.000000,-1.000000,-1.000000,-1.000000,40.000000
125,1,23,0.323944,3,0,13,1,0,0,0,0,1,0,0,0,2,0,-1.000000,-1.000000,-1.000000,-1.000000,-1.000000,-1.000000,-1.000000,40.000000
125,1,23,0.323944,3,0,13,0,1,0,0,0,1,0,0,0,2,0,-1.000000,-1.000000,-1.000000,-1.000000,-1.000000,-1.000000,-1.000000,40.000000
42,1,9,0.562500,2,0,4,0,0,0,0,0,1,0,0,0,0,0,-1.000000,-1.000000,-1.000000,-1.000000,-1.000000,-1.000000,-1.000000,-1.000000
776,1,146,0.258865,14,4,36,10,2,11,0,0,0,0,0,0,2,0,37.600000,-1.000000,-1.000000,-1.000000,-1.000000,-1.000000,-1.000000,538.000000
783,1,148,0.261023,14,4,38,10,2,11,0,0,0,0,0,0,2,0,37.600000,-1.000000,-1.000000,-1.000000,-1.000000,-1.000000,-1.000000,538.000000
786,1,149,0.262324,15,4,38,10,2,11,0,0,0,0,0,0,2,0,37.600000,-1.000000,-1.000000,-1.000000,-1.000000,-1.000000,-1.000000,538.000000
786,1,149,0.262324,14,4,38,11,2,11,0,0,0,0,0,0,2,0,37.600000,-1.000000,-1.000000,-1.000000,-1.000000,-1.000000,-1.000000,538.000000
786,1,149,0.262324,14,4,38,10,3,11,0,0,0,0,0,0,2,0,37.600000,-1.000000,-1.000000,-1.000000,-1.000000,-1.000000,-1.000000,538.000000
789,1,150,0.263620,15,4,38,11,2,11,0,0,0,0,0,0,2,0,37.600000,-1.000000,-1.000000,-1.000000,-1.000000,-1.000000,-1.000000,538.000000
789,1,150,0.263620,15,4,38,10,3,11,0,0,0,0,0,0,2,0,37.600000,-1.000000,-1.000000,-1.000000,-1.000000,-1.000000,-1.000000,538.000000
783,1,148,0.261023,14,4,37,10,2,11,0,0,0,0,0,0,2,0,37.600000,-1.000000,-1.000000,-1.000000,-1.000000,-1.000000,-1.000000,538.000000
786,1,149,0.262324,15,4,37,10,2,11,0,0,0,0,0,0,2,0,37.600000,-1.000000,-1.000000,-1.000000,-1.000000,-1.000000,-1.000000,538.000000
786,1,149,0.262324,14,4,37,11,2,11,0,0,0,0,0,0,2,0,37.600000,-1.000000,-1.000000,-1.000000,-1.000000,-1.000000,-1.000000,538.000000
786,1,149,0.262324,14,4,37,10,3,11,0,0,0,0,0,0,2,0,37.600000,-1.000000,-1.000000,-1.000000,-1.000000,-1.000000,-1.000000,538.000000
789,1,150,0.263620,15,4,37,11,2,11,0,0,0,0,0,0,2,0,37.600000,-1.000000,-1.000000,-1.000000,-1.000000,-1.000000,-1.000000,538.000000
789,1,150,0.263620,15,4,37,10,3,11,0,0,0,0,0,0,2,0,37.600000,-1.000000,-1.000000,-1.000000,-1.000000,-1.000000,-1.000000,538.000000
129,1,27,0.360000,4,0,8,0,0,0,0,0,0,0,0,4,2,2,-1.000000,-1.000000,-1.000000,-1.000000,-1.000000,-1.000000,0.666667,46.000000
133,1,28,0.363636,4,0,9,0,0,0,0,0,0,0,0,4,2,2,-1.000000,-1.000000,-1.000000,-1.000000,-1.000000,-1.000000,0.666667,46.000000
136,1,29,0.371795,5,0,9,0,0,0,0,0,0,0,0,4,2,2,-1.000000,-1.000000,-1.000000,-1.000000,-1.000000,-1.000000,0.666667,46.000000
136,1,29,0.371795,4,0,9,1,0,0,0,0,0,0,0,4,2,2,-1.000000,-1.000000,-1.000000,-1.000000,-1.000000,-1.000000,0.666667,46.000000
136,1,29,0.371795,4,0,9,0,1,0,0,0,0,0,0,4,2,2,-1.000000,-1.000000,-1.000000,-1.000000,-1.000000,-1.000000,0.666667,46.000000
139,1,30,0.379747,5,0,9,1,0,0,0,0,0,0,0,4,2,2,-1.000000,-1.000000,-1.000000,-1.000000,-1.000000,-1.000000,0.666667,46.000000
139,1,30,0.379747,5,0,9,0,1,0,0,0,0,0,0,4,2,2,-1.000000,-1.000000,-1.000000,-1.000000,-1.000000,-1.000000,0.666667,46.000000
45,1,13,0.684211,0,0,4,0,0,0,0,0,0,0,0,4,0,2,-1.000000,-1.000000,-1.000000,-1.000000,-1.000000,-1.000000,0.666667,-1.000000
197,1,45,0.398230,6,0,10,0,4,3,1,0,5,0,0,3,1,3,7.500000,-1.000000,-1.000000,10.500000,-1.000000,-1.000000,19.500000,-1.000000
201,1,46,0.400000,6,0,11,0,4,3,1,0,5,0,0,3,1,3,7.500000,-1.000000,-1.000000,10.500000,-1.000000,-1.000000,19.500000,-1.000000
204,1,47,0.405172,7,0,11,0,4,3,1,0,5,0,0,3,1,3,7.500000,-1.000000,-1.000000,10.500000,-1.000000,-1.000000,19.500000,-1.000000
204,1,47,0.405172,6,0,11,1,4,3,1,0,5,0,0,3,1,3,7.500000,-1.000000,-1.000000,10.500000,-1.000000,-1.000000,19.500000,-1.000000
204,1,47,0.405172,6,0,11,0,5,3,1,0,5,0,0,3,1,3,7.500000,-1.000000,-1.000000,10.500000,-1.000000,-1.000000,19.500000,-1.000000
207,1,48,0.410256,7,0,11,1,4,3,1,0,5,0,0,3,1,3,7.500000,-1.000000,-1.000000,10.500000,-1.000000,-1.000000,19.500000,-1.000000
207,1,48,0.410256,7,0,11,0,5,3,1,0,5,0,0,3,1,3,7.500000,-1.000000,-1.000000,10.500000,-1.000000,-1.000000,19.500000,-1.000000
96,1,14,0.233333,0,0,10,0,0,0,0,0,0,0,0,0,2,0,-1.000000,-1.000000,-1.000000,-1.000000,-1.000000,-1.000000,-1.000000,36.000000
103,1,16,0.253968,0,0,12,0,0,0,0,0,0,0,0,0,2,0,-1.000000,-1.000000,-1.000000,-1.000000,-1.000000,-1.000000,-1.000000,36.000000
106,1,17,0.265625,1,0,12,0,0,0,0,0,0,0,0,0,2,0,-1.000000,-1.000000,-1.000000,-1.000000,-1.000000,-1.000000,-1.000000,36.000000
106,1,17,0.265625,0,0,12,1,0,0,0,0,0,0,0,0,2,0,-1.000000,-1.000000,-1.000000,-1.000000,-1.000000,-1.000000,-1.000000,36.000000
106,1,17,0.265625,0,0,12,0,1,0,0,0,0,0,0,0,2,0,-1.000000,-1.000000,-1.000000,-1.000000,-1.000000,-1.000000,-1.000000,36.000000
109,1,18,0.276923,1,0,12,1,0,0,0,0,0,0,0,0,2,0,-1.000000,-1.000000,-1.000000,-1.000000,-1.000000,-1.000000,-1.000000,36.000000
109,1,18,0.276923,1,0,12,0,1,0,0,0,0,0,0,0,2,0,-1.000000,-1.000000,-1.000000,-1.000000,-1.000000,-1.000000,-1.000000,36.000000
38,1,8,0.571429,0,0,6,0,0,0,0,0,0,0,0,0,0,0,-1.000000,-1.000000,-1.000000,-1.000000,-1.000000,-1.000000,-1.000000,-1.000000
613,1,50,0.096712,10,0,8,10,0,0,2,0,5,0,0,1,3,0,-1.000000,227.000000,-1.000000,53.750000,-1.000000,-1.000000,-1.000000,246.000000
620,1,52,0.100000,10,0,10,10,0,0,2,0,5,0,0,1,3,0,-1.000000,227.000000,-1.000000,53.750000,-1.000000,-1.000000,-1.000000,246.000000
623,1,53,0.101727,11,0,10,10,0,0,2,0,5,0,0,1,3,0,-1.000000,227.000000,-1.000000,53.750000,-1.000000,-1.000000,-1.000000,246.000000
623,1,53,0.101727,10,0,10,11,0,0,2,0,5,0,0,1,3,0,-1.000000,227.000000,-1.000000,53.750000,-1.000000,-1.000000,-1.000000,246.000000
623,1,53,0.101727,10,0,10,10,1,0,2,0,5,0,0,1,3,0,-1.000000,227.000000,-1.000000,53.750000,-1.000000,-1.000000,-1.000000,246.000000
626,1,54,0.103448,11,0,10,11,0,0,2,0,5,0,0,1,3,0,-1.000000,227.000000,-1.000000,53.750000,-1.000000,-1.000000,-1.000000,246.000000
626,1,54,0.103448,11,0,10,10,1,0,2,0,5,0,0,1,3,0,-1.000000,227.000000,-1.000000,53.750000,-1.000000,-1.000000,-1.000000,246.000000
105,1,11,0.164179,2,0,2,0,0,0,0,0,0,0,0,0,3,0,-1.000000,-1.000000,-1.000000,-1.000000,-1.000000,-1.000000,-1.000000,20.000000
115,1,14,0.197183,3,0,2,0,0,0,2,0,0,0,0,0,3,0,-1.000000,0.000000,-1.000000,-1.000000,-1.000000,-1.000000,-1.000000,20.000000
118,1,15,0.208333,4,0,2,0,0,0,2,0,0,0,0,0,3,0,-1.000000,0.000000,-1.000000,-1.000000,-1.000000,-1.000000,-1.000000,20.000000
118,1,15,0.208333,3,0,2,1,0,0,2,0,0,0,0,0,3,0,-1.000000,0.000000,-1.000000,-1.000000,-1.000000,-1.000000,-1.000000,20.000000
118,1,15,0.208333,3,0,2,0,1,0,2,0,0,0,0,0,3,0,-1.000000,0.000000,-1.000000,-1.000000,-1.000000,-1.000000,-1.000000,20.000000
121,1,16,0.219178,4,0,2,1,0,0,2,0,0,0,0,0,3,0,-1.000000,0.000000,-1.000000,-1.000000,-1.000000,-1.000000,-1.000000,20.000000
121,1,16,0.219178,4,0,2,0,1,0,2,0,0,0,0,0,3,0,-1.000000,0.000000,-1.000000,-1.000000,-1.000000,-1.000000,-1.000000,20.000000
39,1,7,0.411765,2,0,2,0,0,0,0,0,0,0,0,0,1,0,-1.000000,-1.000000,-1.000000,-1.000000,-1.000000,-1.000000,-1.000000,-1.000000
188,1,31,0.242188,8,0,0,8,0,5,0,0,1,0,0,2,1,0,20.500000,-1.000000,-1.000000,-1.000000,-1.000000,-1.000000,39.000000,-1.000000
198,1,34,0.257576,9,0,0,8,0,5,2,0,1,0,0,2,1,0,20.500000,0.000000,-1.000000,-1.000000,-1.000000,-1.000000,39.000000,-1.000000
201,1,35,0.263158,10,0,0,8,0,5,2,0,1,0,0,2,1,0,20.500000,0.000000,-1.000000,-1.000000,-1.000000,-1.000000,39.000000,-1.000000
201,1,35,0.263158,9,0,0,9,0,5,2,0,1,0,0,2,1,0,20.500000,0.000000,-1.000000,-1.000000,-1.000000,-1.000000,39.000000,-1.000000
201,1,35,0.263158,9,0,0,8,1,5,2,0,1,0,0,2,1,0,20.500000,0.000000,-1.000000,-1.000000,-1.000000,-1.000000,39.000000,-1.000000
204,1,36,0.268657,10,0,0,9,0,5,2,0,1,0,0,2,1,0,20.500000,0.000000,-1.000000,-1.000000,-1.000000,-1.000000,39.000000,-1.000000
204,1,36,0.268657,10,0,0,8,1,5,2,0,1,0,0,2,1,0,20.500000,0.000000,-1.000000,-1.000000,-1.000000,-1.000000,39.000000,-1.000000
124,1,20,0.263158,2,0,0,0,0,0,0,0,0,0,0,0,3,6,-1.000000,-1.000000,-1.000000,-1.000000,-1.000000,-1.000000,-1.000000,23.000000
140,1,25,0.304878,2,0,0,0,0,0,0,0,0,0,0,0,3,8,-1.000000,-1.000000,-1.000000,-1.000000,-1.000000,-1.000000,-1.000000,23.000000
143,1,26,0.313253,3,0,0,0,0,0,0,0,0,0,0,0,3,8,-1.000000,-1.000000,-1.000000,-1.000000,-1.000000,-1.000000,-1.000000,23.000000
143,1,26,0.313253,2,0,0,1,0,0,0,0,0,0,0,0,3,8,-1.000000,-1.000000,-1.000000,-1.000000,-1.000000,-1.000000,-1.000000,23.000000
143,1,26,0.313253,2,0,0,0,1,0,0,0,0,0,0,0,3,8,-1.000000,-1.000000,-1.000000,-1.000000,-1.000000,-1.000000,-1.000000,23.000000
146,1,27,0.321429,3,0,0,1,0,0,0,0,0,0,0,0,3,8,-1.000000,-1.000000,-1.000000,-1.000000,-1.000000,-1.000000,-1.000000,23.000000
146,1,27,0.321429,3,0,0,0,1,0,0,0,0,0,0,0,3,8,-1.000000,-1.000000,-1.000000,-1.000000,-1.000000,-1.000000,-1.000000,23.000000
44,1,8,0.400000,2,0,0,0,0,0,0,0,0,0,0,0,1,2,-1.000000,-1.000000,-1.000000,-1.000000,-1.000000,-1.000000,-1.000000,-1.000000
180,1,32,0.266667,8,0,0,8,0,5,0,0,1,0,0,0,1,2,19.500000,-1.000000,-1.000000,-1.000000,-1.000000,-1.000000,-1.000000,-1.000000
196,1,37,0.293651,8,0,0,8,0,5,0,0,1,0,0,0,1,4,19.500000,-1.000000,-1.000000,-1.000000,-1.000000,-1.000000,-1.000000,-1.000000
199,1,38,0.299213,9,0,0,8,0,5,0,0,1,0,0,0,1,4,19.500000,-1.000000,-1.000000,-1.000000,-1.000000,-1.000000,-1.000000,-1.000000
199,1,38,0.299213,8,0,0,9,0,5,0,0,1,0,0,0,1,4,19.500000,-1.000000,-1.000000,-1.000000,-1.000000,-1.000000,-1.000000,-1.000000
199,1,38,0.299213,8,0,0,8,1,5,0,0,1,0,0,0,1,4,19.500000,-1.000000,-1.000000,-1.000000,-1.000000,-1.000000,-1.000000,-1.000000
202,1,39,0.304688,9,0,0,9,0,5,0,0,1,0,0,0,1,4,19.500000,-1.000000,-1.000000,-1.000000,-1.000000,-1.000000,-1.000000,-1.000000
202,1,39,0.304688,9,0,0,8,1,5,0,0,1,0,0,0,1,4,19.500000,-1.000000,-1.000000,-1.000000,-1.000000,-1.000000,-1.000000,-1.000000
168,1,31,0.316327,0,0,16,0,4,0,1,0,0,1,0,0,0,0,-1.000000,-1.000000,-1.000000,-1.000000,-1.000000,-1.000000,-1.000000,-1.000000
183,1,36,0.349515,0,1,18,0,4,0,1,0,0,1,0,0,0,0,-1.000000,-1.000000,-1.000000,-1.000000,-1.000000,-1.000000,-1.000000,-1.000000
231,1,23,0.128492,6,0,4,4,2,1,1,0,1,0,0,0,0,0,-1.000000,-1.000000,-1.000000,-1.000000,-1.000000,-1.000000,-1.000000,-1.000000
246,1,28,0.152174,6,1,6,4,2,1,1,0,1,0,0,0,0,0,-1.000000,-1.000000,-1.000000,-1.000000,-1.000000,-1.000000,-1.000000,-1.000000
202,1,42,0.368421,8,0,8,14,0,2,0,0,3,0,0,0,2,0,36.000000,-1.000000,-1.000000,14.000000,-1.000000,-1.000000,-1.000000,89.000000
206,1,43,0.370690,8,0,9,14,0,2,0,0,3,0,0,0,2,0,36.000000,-1.000000,-1.000000,14.000000,-1.000000,-1.000000,-1.000000,89.000000
209,1,44,0.376068,9,0,9,14,0,2,0,0,3,0,0,0,2,0,36.000000,-1.000000,-1.000000,14.000000,-1.000000,-1.000000,-1.000000,89.000000
209,1,44,0.376068,8,0,9,15,0,2,0,0,3,0,0,0,2,0,36.000000,-1.000000,-1.000000,14.000000,-1.000000,-1.000000,-1.000000,89.000000
209,1,44,0.376068,8,0,9,14,1,2,0,0,3,0,0,0,2,0,36.000000,-1.000000,-1.000000,14.000000,-1.000000,-1.000000,-1.000000,89.000000
212,1,45,0.381356,9,0,9,15,0,2,0,0,3,0,0,0,2,0,36.000000,-1.000000,-1.000000,14.000000,-1.000000,-1.000000,-1.000000,89.000000
212,1,45,0.381356,9,0,9,14,1,2,0,0,3,0,0,0,2,0,36.000000,-1.000000,-1.000000,14.000000,-1.000000,-1.000000,-1.000000,89.000000
206,1,43,0.370690,8,1,8,14,0,2,0,0,3,0,0,0,2,0,36.000000,-1.000000,-1.000000,14.000000,-1.000000,-1.000000,-1.000000,89.000000
209,1,44,0.376068,9,1,8,14,0,2,0,0,3,0,0,0,2,0,36.000000,-1.000000,-1.000000,14.000000,-1.000000,-1.000000,-1.000000,89.000000
209,1,44,0.376068,8,1,8,15,0,2,0,0,3,0,0,0,2,0,36.000000,-1.000000,-1.000000,14.000000,-1.000000,-1.000000,-1.000000,89.000000
209,1,44,0.376068,8,1,8,14,1,2,0,0,3,0,0,0,2,0,36.000000,-1.000000,-1.000000,14.000000,-1.000000,-1.000000,-1.000000,89.000000
212,1,45,0.381356,9,1,8,15,0,2,0,0,3,0,0,0,2,0,36.000000,-1.000000,-1.000000,14.000000,-1.000000,-1.000000,-1.000000,89.000000
212,1,45,0.381356,9,1,8,14,1,2,0,0,3,0,0,0,2,0,36.000000,-1.000000,-1.000000,14.000000,-1.000000,-1.000000,-1.000000,89.000000
206,1,43,0.370690,9,0,8,14,0,2,0,0,3,0,0,0,2,0,36.000000,-1.000000,-1.000000,14.000000,-1.000000,-1.000000,-1.000000,89.000000
209,1,44,0.376068,10,0,8,14,0,2,0,0,3,0,0,0,2,0,36.000000,-1.000000,-1.000000,14.000000,-1.000000,-1.000000,-1.000000,89.000000
209,1,44,0.376068,9,0,8,15,0,2,0,0,3,0,0,0,2,0,36.000000,-1.000000,-1.000000,14.000000,-1.000000,-1.000000,-1.000000,89.000000
209,1,44,0.376068,9,0,8,14,1,2,0,0,3,0,0,0,2,0,36.000000,-1.000000,-1.000000,14.000000,-1.000000,-1.000000,-1.000000,89.000000
212,1,45,0.381356,10,0,8,15,0,2,0,0,3,0,0,0,2,0,36.000000,-1.000000,-1.000000,14.000000,-1.000000,-1.000000,-1.000000,89.000000
212,1,45,0.381356,10,0,8,14,1,2,0,0,3,0,0,0,2,0,36.000000,-1.000000,-1.000000,14.000000,-1.000000,-1.000000,-1.000000,89.000000
138,1,34,0.515152,8,0,4,14,0,2,0,0,3,0,0,0,0,0,36.000000,-1.000000,-1.000000,14.000000,-1.000000,-1.000000,-1.000000,-1.000000
334,1,66,0.300000,18,0,8,16,0,4,0,0,3,0,0,0,2,0,47.333333,-1.000000,-1.000000,14.000000,-1.000000,-1.000000,-1.000000,195.000000
338,1,67,0.301802,18,0,9,16,0,4,0,0,3,0,0,0,2,0,47.333333,-1.000000,-1.000000,14.000000,-1.000000,-1.000000,-1.000000,195.000000
341,1,68,0.304933,19,0,9,16,0,4,0,0,3,0,0,0,2,0,47.333333,-1.000000,-1.000000,14.000000,-1.000000,-1.000000,-1.000000,195.000000
341,1,68,0.304933,18,0,9,17,0,4,0,0,3,0,0,0,2,0,47.333333,-1.000000,-1.000000,14.000000,-1.000000,-1.000000,-1.000000,195.000000
341,1,68,0.304933,18,0,9,16,1,4,0,0,3,0,0,0,2,0,47.333333,-1.000000,-1.000000,14.000000,-1.000000,-1.000000,-1.000000,195.000000
344,1,69,0.308036,19,0,9,17,0,4,0,0,3,0,0,0,2,0,47.333333,-1.000000,-1.000000,14.000000,-1.000000,-1.000000,-1.000000,195.000000
344,1,69,0.308036,19,0,9,16,1,4,0,0,3,0,0,0,2,0,47.333333,-1.000000,-1.000000,14.000000,-1.000000,-1.000000,-1.000000,195.000000
338,1,67,0.301802,18,1,8,16,0,4,0,0,3,0,0,0,2,0,47.333333,-1.000000,-1.000000,14.000000,-1.000000,-1.000000,-1.000000,195.000000
341,1,68,0.304933,19,1,8,16,0,4,0,0,3,0,0,0,2,0,47.333333,-1.000000,-1.000000,14.000000,-1.000000,-1.000000,-1.000000,195.000000
341,1,68,0.304933,18,1,8,17,0,4,0,0,3,0,0,0,2,0,47.333333,-1.000000,-1.000000,14.000000,-1.000000,-1.000000,-1.000000,195.000000
341,1,68,0.304933,18,1,8,16,1,4,0,0,3,0,0,0,2,0,47.333333,-1.000000,-1.000000,14.000000,-1.000000,-1.000000,-1.000000,195.000000
344,1,69,0.308036,19,1,8,17,0,4,0,0,3,0,0,0,2,0,47.333333,-1.000000,-1.000000,14.000000,-1.000000,-1.000000,-1.000000,195.000000
344,1,69,0.308036,19,1,8,16,1,4,0,0,3,0,0,0,2,0,47.333333,-1.000000,-1.000000,14.000000,-1.000000,-1.000000,-1.000000,195.000000
338,1,67,0.301802,19,0,8,16,0,4,0,0,3,0,0,0,2,0,47.333333,-1.000000,-1.000000,14.000000,-1.000000,-1.000000,-1.000000,195.000000
341,1,68,0.304933,20,0,8,16,0,4,0,0,3,0,0,0,2,0,47.333333,-1.000000,-1.000000,14.000000,-1.000000,-1.000000,-1.000000,195.000000
341,1,68,0.304933,19,0,8,17,0,4,0,0,3,0,0,0,2,0,47.333333,-1.000000,-1.000000,14.000000,-1.000000,-1.000000,-1.000000,195.000000
341,1,68,0.304933,19,0,8,16,1,4,0,0,3,0,0,0,2,0,47.333333,-1.000000,-1.000000,14.000000,-1.000000,-1.000000,-1.000000,195.000000
344,1,69,0.308036,20,0,8,17,0,4,0,0,3,0,0,0,2,0,47.333333,-1.000000,-1.000000,14.000000,-1.000000,-1.000000,-1.000000,195.000000
344,1,69,0.308036,20,0,8,16,1,4,0,0,3,0,0,0,2,0,47.333333,-1.000000,-1.000000,14.000000,-1.000000,-1.000000,-1.000000,195.000000
115,1,19,0.275362,2,0,12,0,0,0,0,0,1,0,0,0,2,0,-1.000000,-1.000000,-1.000000,-1.000000,-1.000000,-1.000000,-1.000000,43.000000
129,1,23,0.306667,2,0,16,0,0,0,0,0,1,0,0,0,2,0,-1.000000,-1.000000,-1.000000,-1.000000,-1.000000,-1.000000,-1.000000,43.000000
132,1,24,0.315789,3,0,16,0,0,0,0,0,1,0,0,0,2,0,-1.000000,-1.000000,-1.000000,-1.000000,-1.000000,-1.000000,-1.000000,43.000000
132,1,24,0.315789,2,0,16,1,0,0,0,0,1,0,0,0,2,0,-1.000000,-1.000000,-1.000000,-1.000000,-1.000000,-1.000000,-1.000000,43.000000
132,1,24,0.315789,2,0,16,0,1,0,0,0,1,0,0,0,2,0,-1.000000,-1.000000,-1.000000,-1.000000,-1.000000,-1.000000,-1.000000,43.000000
135,1,25,0.324675,3,0,16,1,0,0,0,0,1,0,0,0,2,0,-1.000000,-1.000000,-1.000000,-1.000000,-1.000000,-1.000000,-1.000000,43.000000
135,1,25,0.324675,3,0,16,0,1,0,0,0,1,0,0,0,2,0,-1.000000,-1.000000,-1.000000,-1.000000,-1.000000,-1.000000,-1.000000,43.000000
123,1,21,0.287671,2,0,13,0,0,0,0,0,1,0,0,0,2,0,-1.000000,-1.000000,-1.000000,-1.000000,-1.000000,-1.000000,-1.000000,43.000000
126,1,22,0.297297,3,0,13,0,0,0,0,0,1,0,0,0,2,0,-1.000000,-1.000000,-1.000000,-1.000000,-1.000000,-1.000000,-1.000000,43.000000
126,1,22,0.297297,2,0,13,1,0,0,0,0,1,0,0,0,2,0,-1.000000,-1.000000,-1.000000,-1.000000,-1.000000,-1.000000,-1.000000,43.000000
126,1,22,0.297297,2,0,13,0,1,0,0,0,1,0,0,0,2,0,-1.000000,-1.000000,-1.000000,-1.000000,-1.000000,-1.000000,-1.000000,43.000000
129,1,23,0.306667,3,0,13,1,0,0,0,0,1,0,0,0,2,0,-1.000000,-1.000000,-1.000000,-1.000000,-1.000000,-1.000000,-1.000000,43.000000
129,1,23,0.306667,3,0,13,0,1,0,0,0,1,0,0,0,2,0,-1.000000,-1.000000,-1.000000,-1.000000,-1.000000,-1.000000,-1.000000,43.000000
45,1,9,0.473684,2,0,4,0,0,0,0,0,1,0,0,0,0,0,-1.000000,-1.000000,-1.000000,-1.000000,-1.000000,-1.000000,-1.000000,-1.000000
215,1,39,0.272727,12,0,4,8,2,6,0,0,1,0,0,0,1,0,19.400000,-1.000000,-1.000000,-1.000000,-1.000000,-1.000000,-1.000000,-1.000000
229,1,43,0.288591,12,0,8,8,2,6,0,0,1,0,0,0,1,0,19.400000,-1.000000,-1.000000,-1.000000,-1.000000,-1.000000,-1.000000,-1.000000
232,1,44,0.293333,13,0,8,8,2,6,0,0,1,0,0,0,1,0,19.400000,-1.000000,-1.000000,-1.000000,-1.000000,-1.000000,-1.000000,-1.000000
232,1,44,0.293333,12,0,8,9,2,6,0,0,1,0,0,0,1,0,19.400000,-1.000000,-1.000000,-1.000000,-1.000000,-1.000000,-1.000000,-1.000000
232,1,44,0.293333,12,0,8,8,3,6,0,0,1,0,0,0,1,0,19.400000,-1.000000,-1.000000,-1.000000,-1.000000,-1.000000,-1.000000,-1.000000
235,1,45,0.298013,13,0,8,9,2,6,0,0,1,0,0,0,1,0,19.400000,-1.000000,-1.000000,-1.000000,-1.000000,-1.000000,-1.000000,-1.000000
235,1,45,0.298013,13,0,8,8,3,6,0,0,1,0,0,0,1,0,19.400000,-1.000000,-1.000000,-1.000000,-1.000000,-1.000000,-1.000000,-1.000000
223,1,41,0.278912,12,0,5,8,2,6,0,0,1,0,0,0,1,0,19.400000,-1.000000,-1.000000,-1.000000,-1.000000,-1.000000,-1.000000,-1.000000
226,1,42,0.283784,13,0,5,8,2,6,0,0,1,0,0,0,1,0,19.400000,-1.000000,-1.000000,-1.000000,-1.000000,-1.000000,-1.000000,-1.000000
226,1,42,0.283784,12,0,5,9,2,6,0,0,1,0,0,0,1,0,19.400000,-1.000000,-1.000000,-1.000000,-1.000000,-1.000000,-1.000000,-1.000000
226,1,42,0.283784,12,0,5,8,3,6,0,0,1,0,0,0,1,0,19.400000,-1.000000,-1.000000,-1.000000,-1.000000,-1.000000,-1.000000,-1.000000
229,1,43,0.288591,13,0,5,9,2,6,0,0,1,0,0,0,1,0,19.400000,-1.000000,-1.000000,-1.000000,-1.000000,-1.000000,-1.000000,-1.000000
229,1,43,0.288591,13,0,5,8,3,6,0,0,1,0,0,0,1,0,19.400000,-1.000000,-1.000000,-1.000000,-1.000000,-1.000000,-1.000000,-1.000000
297,1,61,0.352601,10,2,20,0,10,2,0,0,2,0,0,0,2,2,0.000000,-1.000000,-1.000000,77.000000,-1.000000,-1.000000,-1.000000,80.000000
311,1,65,0.363128,10,2,24,0,10,2,0,0,2,0,0,0,2,2,0.000000,-1.000000,-1.000000,77.000000,-1.000000,-1.000000,-1.000000,80.000000
314,1,66,0.366667,11,2,24,0,10,2,0,0,2,0,0,0,2,2,0.000000,-1.000000,-1.000000,77.000000,-1.000000,-1.000000,-1.000000,80.000000
314,1,66,0.366667,10,2,24,1,10,2,0,0,2,0,0,0,2,2,0.000000,-1.000000,-1.000000,77.000000,-1.000000,-1.000000,-1.000000,80.000000
314,1,66,0.366667,10,2,24,0,11,2,0,0,2,0,0,0,2,2,0.000000,-1.000000,-1.000000,77.000000,-1.000000,-1.000000,-1.000000,80.000000
317,1,67,0.370166,11,2,24,1,10,2,0,0,2,0,0,0,2,2,0.000000,-1.000000,-1.000000,77.000000,-1.000000,-1.000000,-1.000000,80.000000
317,1,67,0.370166,11,2,24,0,11,2,0,0,2,0,0,0,2,2,0.000000,-1.000000,-1.000000,77.000000,-1.000000,-1.000000,-1.000000,80.000000
305,1,63,0.355932,10,2,21,0,10,2,0,0,2,0,0,0,2,2,0.000000,-1.000000,-1.000000,77.000000,-1.000000,-1.000000,-1.000000,80.000000
308,1,64,0.359551,11,2,21,0,10,2,0,0,2,0,0,0,2,2,0.000000,-1.000000,-1.000000,77.000000,-1.000000,-1.000000,-1.000000,80.000000
308,1,64,0.359551,10,2,21,1,10,2,0,0,2,0,0,0,2,2,0.000000,-1.000000,-1.000000,77.000000,-1.000000,-1.000000,-1.000000,80.000000
308,1,64,0.359551,10,2,21,0,11,2,0,0,2,0,0,0,2,2,0.000000,-1.000000,-1.000000,77.000000,-1.000000,-1.000000,-1.000000,80.000000
311,1,65,0.363128,11,2,21,1,10,2,0,0,2,0,0,0,2,2,0.000000,-1.000000,-1.000000,77.000000,-1.000000,-1.000000,-1.000000,80.000000
311,1,65,0.363128,11,2,21,0,11,2,0,0,2,0,0,0,2,2,0.000000,-1.000000,-1.000000,77.000000,-1.000000,-1.000000,-1.000000,80.000000
120,1,29,0.517857,8,0,8,0,4,2,0,0,1,0,0,0,0,2,0.000000,-1.000000,-1.000000,-1.000000,-1.000000,-1.000000,-1.000000,-1.000000
554,1,79,0.197500,6,4,22,2,12,0,1,0,6,0,0,3,3,3,-1.000000,-1.000000,-1.000000,61.000000,-1.000000,-1.000000,110.000000,153.000000
568,1,83,0.204433,6,4,26,2,12,0,1,0,6,0,0,3,3,3,-1.000000,-1.000000,-1.000000,61.000000,-1.000000,-1.000000,110.000000,153.000000
571,1,84,0.206388,7,4,26,2,12,0,1,0,6,0,0,3,3,3,-1.000000,-1.000000,-1.000000,61.000000,-1.000000,-1.000000,110.000000,153.000000
571,1,84,0.206388,6,4,26,3,12,0,1,0,6,0,0,3,3,3,-1.000000,-1.000000,-1.000000,61.000000,-1.000000,-1.000000,110.000000,153.000000
571,1,84,0.206388,6,4,26,2,13,0,1,0,6,0,0,3,3,3,-1.000000,-1.000000,-1.000000,61.000000,-1.000000,-1.000000,110.000000,153.000000
574,1,85,0.208333,7,4,26,3,12,0,1,0,6,0,0,3,3,3,-1.000000,-1.000000,-1.000000,61.000000,-1.000000,-1.000000,110.000000,153.000000
574,1,85,0.208333,7,4,26,2,13,0,1,0,6,0,0,3,3,3,-1.000000,-1.000000,-1.000000,61.000000,-1.000000,-1.000000,110.000000,153.000000
562,1,81,0.200495,6,4,23,2,12,0,1,0,6,0,0,3,3,3,-1.000000,-1.000000,-1.000000,61.000000,-1.000000,-1.000000,110.000000,153.000000
565,1,82,0.202469,7,4,23,2,12,0,1,0,6,0,0,3,3,3,-1.000000,-1.000000,-1.000000,61.000000,-1.000000,-1.000000,110.000000,153.000000
565,1,82,0.202469,6,4,23,3,12,0,1,0,6,0,0,3,3,3,-1.000000,-1.000000,-1.000000,61.000000,-1.000000,-1.000000,110.000000,153.000000
565,1,82,0.202469,6,4,23,2,13,0,1,0,6,0,0,3,3,3,-1.000000,-1.000000,-1.000000,61.000000,-1.000000,-1.000000,110.000000,153.000000
568,1,83,0.204433,7,4,23,3,12,0,1,0,6,0,0,3,3,3,-1.000000,-1.000000,-1.000000,61.000000,-1.000000,-1.000000,110.000000,153.000000
568,1,83,0.204433,7,4,23,2,13,0,1,0,6,0,0,3,3,3,-1.000000,-1.000000,-1.000000,61.000000,-1.000000,-1.000000,110.000000,153.000000
204,1,40,0.338983,6,0,20,0,4,2,0,0,0,0,0,0,2,0,0.000000,-1.000000,-1.000000,-1.000000,-1.000000,-1.000000,-1.000000,92.000000
218,1,44,0.354839,6,0,24,0,4,2,0,0,0,0,0,0,2,0,0.000000,-1.000000,-1.000000,-1.000000,-1.000000,-1.000000,-1.000000,92.000000
221,1,45,0.360000,7,0,24,0,4,2,0,0,0,0,0,0,2,0,0.000000,-1.000000,-1.000000,-1.000000,-1.000000,-1.000000,-1.000000,92.000000
221,1,45,0.360000,6,0,24,1,4,2,0,0,0,0,0,0,2,0,0.000000,-1.000000,-1.000000,-1.000000,-1.000000,-1.000000,-1.000000,92.000000
221,1,45,0.360000,6,0,24,0,5,2,0,0,0,0,0,0,2,0,0.000000,-1.000000,-1.000000,-1.000000,-1.000000,-1.000000,-1.000000,92.000000
224,1,46,0.365079,7,0,24,1,4,2,0,0,0,0,0,0,2,0,0.000000,-1.000000,-1.000000,-1.000000,-1.000000,-1.000000,-1.000000,92.000000
224,1,46,0.365079,7,0,24,0,5,2,0,0,0,0,0,0,2,0,0.000000,-1.000000,-1.000000,-1.000000,-1.000000,-1.000000,-1.000000,92.000000
212,1,42,0.344262,6,0,21,0,4,2,0,0,0,0,0,0,2,0,0.000000,-1.000000,-1.000000,-1.000000,-1.000000,-1.000000,-1.000000,92.000000
215,1,43,0.349593,7,0,21,0,4,2,0,0,0,0,0,0,2,0,0.000000,-1.000000,-1.000000,-1.000000,-1.000000,-1.000000,-1.000000,92.000000
215,1,43,0.349593,6,0,21,1,4,2,0,0,0,0,0,0,2,0,0.000000,-1.000000,-1.000000,-1.000000,-1.000000,-1.000000,-1.000000,92.000000
215,1,43,0.349593,6,0,21,0,5,2,0,0,0,0,0,0,2,0,0.000000,-1.000000,-1.000000,-1.000000,-1.000000,-1.000000,-1.000000,92.000000
218,1,44,0.354839,7,0,21,1,4,2,0,0,0,0,0,0,2,0,0.000000,-1.000000,-1.000000,-1.000000,-1.000000,-1.000000,-1.000000,92.000000
218,1,44,0.354839,7,0,21,0,5,2,0,0,0,0,0,0,2,0,0.000000,-1.000000,-1.000000,-1.000000,-1.000000,-1.000000,-1.000000,92.000000
134,1,30,0.441176,6,0,12,0,4,2,0,0,0,0,0,0,0,0,0.000000,-1.000000,-1.000000,-1.000000,-1.000000,-1.000000,-1.000000,-1.000000
469,1,59,0.162534,6,0,22,2,4,4,1,0,4,0,0,3,3,3,18.000000,-1.000000,-1.000000,69.666667,-1.000000,-1.000000,110.000000,168.000000
483,1,63,0.170732,6,0,26,2,4,4,1,0,4,0,0,3,3,3,18.000000,-1.000000,-1.000000,69.666667,-1.000000,-1.000000,110.000000,168.000000
486,1,64,0.172973,7,0,26,2,4,4,1,0,4,0,0,3,3,3,18.000000,-1.000000,-1.000000,69.666667,-1.000000,-1.000000,110.000000,168.000000
486,1,64,0.172973,6,0,26,3,4,4,1,0,4,0,0,3,3,3,18.000000,-1.000000,-1.000000,69.666667,-1.000000,-1.000000,110.000000,168.000000
486,1,64,0.172973,6,0,26,2,5,4,1,0,4,0,0,3,3,3,18.000000,-1.000000,-1.000000,69.666667,-1.000000,-1.000000,110.000000,168.000000
489,1,65,0.175202,7,0,26,3,4,4,1,0,4,0,0,3,3,3,18.000000,-1.000000,-1.000000,69.666667,-1.000000,-1.000000,110.000000,168.000000
489,1,65,0.175202,7,0,26,2,5,4,1,0,4,0,0,3,3,3,18.000000,-1.000000,-1.000000,69.666667,-1.000000,-1.000000,110.000000,168.000000
477,1,61,0.166213,6,0,23,2,4,4,1,0,4,0,0,3,3,3,18.000000,-1.000000,-1.000000,69.666667,-1.000000,-1.000000,110.000000,168.000000
480,1,62,0.168478,7,0,23,2,4,4,1,0,4,0,0,3,3,3,18.000000,-1.000000,-1.000000,69.666667,-1.000000,-1.000000,110.000000,168.000000
480,1,62,0.168478,6,0,23,3,4,4,1,0,4,0,0,3,3,3,18.000000,-1.000000,-1.000000,69.666667,-1.000000,-1.000000,110.000000,168.000000
480,1,62,0.168478,6,0,23,2,5,4,1,0,4,0,0,3,3,3,18.000000,-1.000000,-1.000000,69.666667,-1.000000,-1.000000,110.000000,168.000000
483,1,63,0.170732,7,0,23,3,4,4,1,0,4,0,0,3,3,3,18.000000,-1.000000,-1.000000,69.666667,-1.000000,-1.000000,110.000000,168.000000
483,1,63,0.170732,7,0,23,2,5,4,1,0,4,0,0,3,3,3,18.000000,-1.000000,-1.000000,69.666667,-1.000000,-1.000000,110.000000,168.000000
103,1,12,0.169014,6,0,0,0,0,0,0,0,0,0,3,0,3,0,-1.000000,-1.000000,-1.000000,-1.000000,-1.000000,20.000000,-1.000000,20.000000
113,1,15,0.200000,6,0,0,0,0,0,2,0,0,0,4,0,3,0,-1.000000,0.000000,-1.000000,-1.000000,-1.000000,22.666667,-1.000000,20.000000
116,1,16,0.210526,7,0,0,0,0,0,2,0,0,0,4,0,3,0,-1.000000,0.000000,-1.000000,-1.000000,-1.000000,22.666667,-1.000000,20.000000
116,1,16,0.210526,6,0,0,1,0,0,2,0,0,0,4,0,3,0,-1.000000,0.000000,-1.000000,-1.000000,-1.000000,22.666667,-1.000000,20.000000
116,1,16,0.210526,6,0,0,0,1,0,2,0,0,0,4,0,3,0,-1.000000,0.000000,-1.000000,-1.000000,-1.000000,22.666667,-1.000000,20.000000
119,1,17,0.220779,7,0,0,1,0,0,2,0,0,0,4,0,3,0,-1.000000,0.000000,-1.000000,-1.000000,-1.000000,22.666667,-1.000000,20.000000
119,1,17,0.220779,7,0,0,0,1,0,2,0,0,0,4,0,3,0,-1.000000,0.000000,-1.000000,-1.000000,-1.000000,22.666667,-1.000000,20.000000
29,1,4,0.307692,2,0,0,0,0,0,0,0,0,0,1,0,1,0,-1.000000,-1.000000,-1.000000,-1.000000,-1.000000,-1.000000,-1.000000,-1.000000
230,1,54,0.415385,14,0,0,6,6,2,1,0,5,0,3,1,1,0,79.000000,-1.000000,-1.000000,6.750000,-1.000000,57.000000,-1.000000,-1.000000
240,1,57,0.425373,14,0,0,6,6,2,3,0,5,0,4,1,1,0,79.000000,28.500000,-1.000000,6.750000,-1.000000,42.333333,-1.000000,-1.000000
243,1,58,0.429630,15,0,0,6,6,2,3,0,5,0,4,1,1,0,79.000000,28.500000,-1.000000,6.750000,-1.000000,42.333333,-1.000000,-1.000000
243,1,58,0.429630,14,0,0,7,6,2,3,0,5,0,4,1,1,0,79.000000,28.500000,-1.000000,6.750000,-1.000000,42.333333,-1.000000,-1.000000
243,1,58,0.429630,14,0,0,6,7,2,3,0,5,0,4,1,1,0,79.000000,28.500000,-1.000000,6.750000,-1.000000,42.333333,-1.000000,-1.000000
246,1,59,0.433824,15,0,0,7,6,2,3,0,5,0,4,1,1,0,79.000000,28.500000,-1.000000,6.750000,-1.000000,42.333333,-1.000000,-1.000000
246,1,59,0.433824,15,0,0,6,7,2,3,0,5,0,4,1,1,0,79.000000,28.500000,-1.000000,6.750000,-1.000000,42.333333,-1.000000,-1.000000
121,1,17,0.204819,10,0,0,0,0,2,0,0,0,0,0,0,5,0,48.000000,-1.000000,-1.000000,-1.000000,-1.000000,-1.000000,-1.000000,11.250000
131,1,20,0.229885,10,0,0,0,0,2,2,0,0,0,1,0,5,0,48.000000,0.000000,-1.000000,-1.000000,-1.000000,-1.000000,-1.000000,11.250000
134,1,21,0.238636,11,0,0,0,0,2,2,0,0,0,1,0,5,0,48.000000,0.000000,-1.000000,-1.000000,-1.000000,-1.000000,-1.000000,11.250000
134,1,21,0.238636,10,0,0,1,0,2,2,0,0,0,1,0,5,0,48.000000,0.000000,-1.000000,-1.000000,-1.000000,-1.000000,-1.000000,11.250000
134,1,21,0.238636,10,0,0,0,1,2,2,0,0,0,1,0,5,0,48.000000,0.000000,-1.000000,-1.000000,-1.000000,-1.000000,-1.000000,11.250000
137,1,22,0.247191,11,0,0,1,0,2,2,0,0,0,1,0,5,0,48.000000,0.000000,-1.000000,-1.000000,-1.000000,-1.000000,-1.000000,11.250000
137,1,22,0.247191,11,0,0,0,1,2,2,0,0,0,1,0,5,0,48.000000,0.000000,-1.000000,-1.000000,-1.000000,-1.000000,-1.000000,11.250000
27,1,3,0.230769,2,0,0,0,0,0,0,0,0,0,0,0,1,0,-1.000000,-1.000000,-1.000000,-1.000000,-1.000000,-1.000000,-1.000000,-1.000000
148,1,27,0.293478,8,0,0,8,0,2,2,0,1,0,0,0,1,0,37.000000,0.000000,-1.000000,-1.000000,-1.000000,-1.000000,-1.000000,-1.000000
158,1,30,0.312500,8,0,0,8,0,2,4,0,1,0,1,0,1,0,37.000000,0.000000,-1.000000,-1.000000,-1.000000,-1.000000,-1.000000,-1.000000
161,1,31,0.319588,9,0,0,8,0,2,4,0,1,0,1,0,1,0,37.000000,0.000000,-1.000000,-1.000000,-1.000000,-1.000000,-1.000000,-1.000000
161,1,31,0.319588,8,0,0,9,0,2,4,0,1,0,1,0,1,0,37.000000,0.000000,-1.000000,-1.000000,-1.000000,-1.000000,-1.000000,-1.000000
161,1,31,0.319588,8,0,0,8,1,2,4,0,1,0,1,0,1,0,37.000000,0.000000,-1.000000,-1.000000,-1.000000,-1.000000,-1.000000,-1.000000
164,1,32,0.326531,9,0,0,9,0,2,4,0,1,0,1,0,1,0,37.000000,0.000000,-1.000000,-1.000000,-1.000000,-1.000000,-1.000000,-1.000000
164,1,32,0.326531,9,0,0,8,1,2,4,0,1,0,1,0,1,0,37.000000,0.000000,-1.000000,-1.000000,-1.000000,-1.000000,-1.000000,-1.000000
114,1,17,0.229730,8,0,0,4,0,1,0,0,0,0,0,0,4,0,-1.000000,-1.000000,-1.000000,-1.000000,-1.000000,-1.000000,-1.000000,15.000000
44,1,9,0.450000,4,0,0,4,0,1,0,0,0,0,0,0,0,0,-1.000000,-1.000000,-1.000000,-1.000000,-1.000000,-1.000000,-1.000000,-1.000000
246,1,41,0.227778,18,0,0,6,0,3,0,0,0,0,0,0,4,0,42.500000,-1.000000,-1.000000,-1.000000,-1.000000,-1.000000,-1.000000,50.333333
100,1,17,0.242857,6,0,0,0,0,3,0,0,0,0,0,0,4,0,20.000000,-1.000000,-1.000000,-1.000000,-1.000000,-1.000000,-1.000000,13.000000
26,1,5,0.416667,2,0,0,0,0,1,0,0,0,0,0,0,0,0,-1.000000,-1.000000,-1.000000,-1.000000,-1.000000,-1.000000,-1.000000,-1.000000
111,1,16,0.213333,6,0,0,4,0,1,0,0,0,0,1,0,0,0,-1.000000,-1.000000,-1.000000,-1.000000,-1.000000,-1.000000,-1.000000,-1.000000
91,1,11,0.180328,2,0,6,0,0,0,0,0,0,0,0,0,3,0,-1.000000,-1.000000,-1.000000,-1.000000,-1.000000,-1.000000,-1.000000,18.000000
109,1,17,0.253731,2,0,12,0,0,0,0,0,0,0,0,0,3,0,-1.000000,-1.000000,-1.000000,-1.000000,-1.000000,-1.000000,-1.000000,20.000000
100,1,14,0.218750,2,0,6,0,0,0,0,0,0,0,0,0,3,0,-1.000000,-1.000000,-1.000000,-1.000000,-1.000000,-1.000000,-1.000000,19.000000
118,1,20,0.285714,2,0,0,0,0,0,0,0,0,0,0,0,3,6,-1.000000,-1.000000,-1.000000,-1.000000,-1.000000,-1.000000,-1.000000,21.000000
100,1,14,0.218750,2,0,6,0,0,0,0,0,0,0,0,0,3,0,-1.000000,-1.000000,-1.000000,-1.000000,-1.000000,-1.000000,-1.000000,19.000000
100,1,14,0.218750,2,0,6,0,0,0,0,0,0,0,0,0,3,0,-1.000000,-1.000000,-1.000000,-1.000000,-1.000000,-1.000000,-1.000000,19.000000
118,1,20,0.285714,2,0,12,0,0,0,0,0,0,0,0,0,3,0,-1.000000,-1.000000,-1.000000,-1.000000,-1.000000,-1.000000,-1.000000,21.000000
100,1,8,0.125000,2,0,0,0,0,0,0,0,0,0,0,0,3,0,-1.000000,-1.000000,-1.000000,-1.000000,-1.000000,-1.000000,-1.000000,19.000000
27,1,3,0.230769,2,0,0,0,0,0,0,0,0,0,0,0,1,0,-1.000000,-1.000000,-1.000000,-1.000000,-1.000000,-1.000000,-1.000000,-1.000000
174,1,30,0.254237,8,0,2,8,0,5,0,0,1,0,0,0,1,0,19.500000,-1.000000,-1.000000,-1.000000,-1.000000,-1.000000,-1.000000,-1.000000
180,1,32,0.266667,8,0,4,8,0,5,0,0,1,0,0,0,1,0,19.500000,-1.000000,-1.000000,-1.000000,-1.000000,-1.000000,-1.000000,-1.000000
177,1,31,0.260504,8,0,2,8,0,5,0,0,1,0,0,0,1,0,19.500000,-1.000000,-1.000000,-1.000000,-1.000000,-1.000000,-1.000000,-1.000000
183,1,33,0.272727,8,0,0,8,0,5,0,0,1,0,0,0,1,2,19.500000,-1.000000,-1.000000,-1.000000,-1.000000,-1.000000,-1.000000,-1.000000
177,1,31,0.260504,8,0,2,8,0,5,0,0,1,0,0,0,1,0,19.500000,-1.000000,-1.000000,-1.000000,-1.000000,-1.000000,-1.000000,-1.000000
177,1,31,0.260504,8,0,2,8,0,5,0,0,1,0,0,0,1,0,19.500000,-1.000000,-1.000000,-1.000000,-1.000000,-1.000000,-1.000000,-1.000000
183,1,33,0.272727,8,0,4,8,0,5,0,0,1,0,0,0,1,0,19.500000,-1.000000,-1.000000,-1.000000,-1.000000,-1.000000,-1.000000,-1.000000
177,1,29,0.243697,8,0,0,8,0,5,0,0,1,0,0,0,1,0,19.500000,-1.000000,-1.000000,-1.000000,-1.000000,-1.000000,-1.000000,-1.000000
91,1,13,0.228070,0,0,6,0,4,0,0,0,0,0,0,0,3,0,-1.000000,-1.000000,-1.000000,-1.000000,-1.000000,-1.000000,-1.000000,16.000000
109,1,19,0.301587,0,0,12,0,4,0,0,0,0,0,0,0,3,0,-1.000000,-1.000000,-1.000000,-1.000000,-1.000000,-1.000000,-1.000000,18.000000
100,1,16,0.266667,0,0,6,0,4,0,0,0,0,0,0,0,3,0,-1.000000,-1.000000,-1.000000,-1.000000,-1.000000,-1.000000,-1.000000,17.000000
118,1,22,0.333333,0,0,0,0,4,0,0,0,0,0,0,0,3,6,-1.000000,-1.000000,-1.000000,-1.000000,-1.000000,-1.000000,-1.000000,19.000000
100,1,16,0.266667,0,0,6,0,4,0,0,0,0,0,0,0,3,0,-1.000000,-1.000000,-1.000000,-1.000000,-1.000000,-1.000000,-1.000000,17.000000
100,1,16,0.266667,0,0,6,0,4,0,0,0,0,0,0,0,3,0,-1.000000,-1.000000,-1.000000,-1.000000,-1.000000,-1.000000,-1.000000,17.000000
118,1,22,0.333333,0,0,12,0,4,0,0,0,0,0,0,0,3,0,-1.000000,-1.000000,-1.000000,-1.000000,-1.000000,-1.000000,-1.000000,19.000000
100,1,10,0.166667,0,0,0,0,4,0,0,0,0,0,0,0,3,0,-1.000000,-1.000000,-1.000000,-1.000000,-1.000000,-1.000000,-1.000000,17.000000
27,1,5,0.555556,0,0,0,0,4,0,0,0,0,0,0,0,1,0,-1.000000,-1.000000,-1.000000,-1.000000,-1.000000,-1.000000,-1.000000,-1.000000
601,1,47,0.091977,10,0,6,10,0,0,1,0,5,0,0,1,3,0,-1.000000,-1.000000,-1.000000,53.750000,-1.000000,-1.000000,-1.000000,243.000000
619,1,53,0.102515,10,0,12,10,0,0,1,0,5,0,0,1,3,0,-1.000000,-1.000000,-1.000000,53.750000,-1.000000,-1.000000,-1.000000,245.000000
610,1,50,0.097276,10,0,6,10,0,0,1,0,5,0,0,1,3,0,-1.000000,-1.000000,-1.000000,53.750000,-1.000000,-1.000000,-1.000000,244.000000
628,1,56,0.107692,10,0,0,10,0,0,1,0,5,0,0,1,3,6,-1.000000,-1.000000,-1.000000,53.750000,-1.000000,-1.000000,-1.000000,246.000000
610,1,50,0.097276,10,0,6,10,0,0,1,0,5,0,0,1,3,0,-1.000000,-1.000000,-1.000000,53.750000,-1.000000,-1.000000,-1.000000,244.000000
610,1,50,0.097276,10,0,6,10,0,0,1,0,5,0,0,1,3,0,-1.000000,-1.000000,-1.000000,53.750000,-1.000000,-1.000000,-1.000000,244.000000
628,1,56,0.107692,10,0,12,10,0,0,1,0,5,0,0,1,3,0,-1.000000,-1.000000,-1.000000,53.750000,-1.000000,-1.000000,-1.000000,246.000000
610,1,44,0.085603,10,0,0,10,0,0,1,0,5,0,0,1,3,0,-1.000000,-1.000000,-1.000000,53.750000,-1.000000,-1.000000,-1.000000,244.000000
99,1,15,0.238095,2,0,6,4,0,1,0,0,0,0,0,0,2,0,-1.000000,-1.000000,-1.000000,-1.000000,-1.000000,-1.000000,-1.000000,39.000000
117,1,21,0.304348,2,0,12,4,0,1,0,0,0,0,0,0,2,0,-1.000000,-1.000000,-1.000000,-1.000000,-1.000000,-1.000000,-1.000000,43.000000
108,1,18,0.272727,2,0,6,4,0,1,0,0,0,0,0,0,2,0,-1.000000,-1.000000,-1.000000,-1.000000,-1.000000,-1.000000,-1.000000,41.000000
126,1,24,0.333333,2,0,0,4,0,1,0,0,0,0,0,0,2,6,-1.000000,-1.000000,-1.000000,-1.000000,-1.000000,-1.000000,-1.000000,45.000000
108,1,18,0.272727,2,0,6,4,0,1,0,0,0,0,0,0,2,0,-1.000000,-1.000000,-1.000000,-1.000000,-1.000000,-1.000000,-1.000000,41.000000
108,1,18,0.272727,2,0,6,4,0,1,0,0,0,0,0,0,2,0,-1.000000,-1.000000,-1.000000,-1.000000,-1.000000,-1.000000,-1.000000,41.000000
126,1,24,0.333333,2,0,12,4,0,1,0,0,0,0,0,0,2,0,-1.000000,-1.000000,-1.000000,-1.000000,-1.000000,-1.000000,-1.000000,45.000000
108,1,12,0.181818,2,0,0,4,0,1,0,0,0,0,0,0,2,0,-1.000000,-1.000000,-1.000000,-1.000000,-1.000000,-1.000000,-1.000000,41.000000
35,1,7,0.466667,2,0,0,4,0,1,0,0,0,0,0,0,0,0,-1.000000,-1.000000,-1.000000,-1.000000,-1.000000,-1.000000,-1.000000,-1.000000
231,1,39,0.230769,12,0,6,6,0,3,0,0,0,0,0,0,2,0,42.500000,-1.000000,-1.000000,-1.000000,-1.000000,-1.000000,-1.000000,145.000000
249,1,45,0.257143,12,0,12,6,0,3,0,0,0,0,0,0,2,0,42.500000,-1.000000,-1.000000,-1.000000,-1.000000,-1.000000,-1.000000,149.000000
240,1,42,0.244186,12,0,6,6,0,3,0,0,0,0,0,0,2,0,42.500000,-1.000000,-1.000000,-1.000000,-1.000000,-1.000000,-1.000000,147.000000
258,1,48,0.269663,12,0,0,6,0,3,0,0,0,0,0,0,2,6,42.500000,-1.000000,-1.000000,-1.000000,-1.000000,-1.000000,-1.000000,151.000000
240,1,42,0.244186,12,0,6,6,0,3,0,0,0,0,0,0,2,0,42.500000,-1.000000,-1.000000,-1.000000,-1.000000,-1.000000,-1.000000,147.000000
240,1,42,0.244186,12,0,6,6,0,3,0,0,0,0,0,0,2,0,42.500000,-1.000000,-1.000000,-1.000000,-1.000000,-1.000000,-1.000000,147.000000
258,1,48,0.269663,12,0,12,6,0,3,0,0,0,0,0,0,2,0,42.500000,-1.000000,-1.000000,-1.000000,-1.000000,-1.000000,-1.000000,151.000000
240,1,36,0.209302,12,0,0,6,0,3,0,0,0,0,0,0,2,0,42.500000,-1.000000,-1.000000,-1.000000,-1.000000,-1.000000,-1.000000,147.000000
8,1,0,0.000000,0,0,0,0,0,0,0,0,0,0,0,0,0,0,-1.000000,-1.000000,-1.000000,-1.000000,-1.000000,-1.000000,-1.000000,-1.000000
72,1,17,0.265625,2,0,2,0,2,7,0,0,0,0,0,0,0,0,6.333333,-1.000000,-1.000000,-1.000000,-1.000000,-1.000000,-1.000000,-1.000000
82,1,18,0.243243,2,0,2,0,2,8,0,0,0,0,0,0,0,0,6.714286,-1.000000,-1.000000,-1.000000,-1.000000,-1.000000,-1.000000,-1.000000
28,1,5,0.250000,0,0,2,0,0,0,0,0,0,0,0,0,0,0,-1.000000,-1.000000,-1.000000,-1.000000,-1.000000,-1.000000,-1.000000,-1.000000
61,1,13,0.245283,2,0,2,0,2,6,0,0,0,0,0,0,0,0,5.600000,-1.000000,-1.000000,-1.000000,-1.000000,-1.000000,-1.000000,-1.000000
83,1,18,0.240000,2,0,2,0,2,8,0,0,0,0,0,0,0,0,6.857143,-1.000000,-1.000000,-1.000000,-1.000000,-1.000000,-1.000000,-1.000000
16,1,4,0.500000,0,0,2,0,0,0,0,0,0,0,0,0,0,0,-1.000000,-1.000000,-1.000000,-1.000000,-1.000000,-1.000000,-1.000000,-1.000000
74,1,15,0.227273,2,0,2,0,2,8,0,0,0,0,0,0,0,0,5.571429,-1.000000,-1.000000,-1.000000,-1.000000,-1.000000,-1.000000,-1.000000
84,1,17,0.223684,2,0,2,0,2,8,0,0,0,0,0,0,0,0,7.000000,-1.000000,-1.000000,-1.000000,-1.000000,-1.000000,-1.000000,-1.000000
61,1,13,0.245283,2,0,2,0,2,6,0,0,0,0,0,0,0,0,5.600000,-1.000000,-1.000000,-1.000000,-1.000000,-1.000000,-1.000000,-1.000000
82,1,18,0.243243,2,0,2,0,2,8,0,0,0,0,0,0,0,0,6.714286,-1.000000,-1.000000,-1.000000,-1.000000,-1.000000,-1.000000,-1.000000
79,1,18,0.253521,2,0,2,0,2,8,0,0,0,0,0,0,0,0,6.285714,-1.000000,-1.000000,-1.000000,-1.000000,-1.000000,-1.000000,-1.000000
64,1,23,0.410714,2,2,2,4,0,4,0,0,0,0,0,0,0,0,11.000000,-1.000000,-1.000000,-1.000000,-1.000000,-1.000000,-1.000000,-1.000000
59,1,13,0.254902,2,0,2,0,2,6,0,0,0,0,0,0,0,0,5.200000,-1.000000,-1.000000,-1.000000,-1.000000,-1.000000,-1.000000,-1.000000
77,1,14,0.202899,2,0,2,0,2,7,0,0,0,0,0,0,0,0,7.166667,-1.000000,-1.000000,-1.000000,-1.000000,-1.000000,-1.000000,-1.000000
69,1,14,0.229508,2,0,2,0,2,7,0,0,0,0,0,0,0,0,5.833333,-1.000000,-1.000000,-1.000000,-1.000000,-1.000000,-1.000000,-1.000000
72,1,14,0.218750,2,0,2,0,2,7,0,0,0,0,0,0,0,0,6.333333,-1.000000,-1.000000,-1.000000,-1.000000,-1.000000,-1.000000,-1.000000
77,1,15,0.217391,2,0,2,0,2,8,0,0,0,0,0,0,0,0,6.000000,-1.000000,-1.000000,-1.000000,-1.000000,-1.000000,-1.000000,-1.000000
82,1,15,0.202703,2,0,2,0,2,8,0,0,0,0,0,0,0,0,6.714286,-1.000000,-1.000000,-1.000000,-1.000000,-1.000000,-1.000000,-1.000000
80,1,18,0.250000,2,0,2,0,2,8,0,0,0,0,0,0,0,0,6.428571,-1.000000,-1.000000,-1.000000,-1.000000,-1.000000,-1.000000,-1.000000
68,1,14,0.233333,2,0,2,0,2,7,0,0,0,0,0,0,0,0,5.666667,-1.000000,-1.000000,-1.000000,-1.000000,-1.000000,-1.000000,-1.000000
81,1,18,0.246575,2,0,2,0,2,8,0,0,0,0,0,0,0,0,6.571429,-1.000000,-1.000000,-1.000000,-1.000000,-1.000000,-1.000000,-1.000000
8,1,0,0.000000,0,0,0,0,0,0,0,0,0,0,0,0,0,0,-1.000000,-1.000000,-1.000000,-1.000000,-1.000000,-1.000000,-1.000000,-1.000000
8,1,0,0.000000,0,0,0,0,0,0,0,0,0,0,0,0,0,0,-1.000000,-1.000000,-1.000000,-1.000000,-1.000000,-1.000000,-1.000000,-1.000000
14,1,4,0.666667,0,0,2,0,0,0,0,0,0,0,0,0,0,0,-1.000000,-1.000000,-1.000000,-1.000000,-1.000000,-1.000000,-1.000000,-1.000000
8,1,0,0.000000,0,0,0,0,0,0,0,0,0,0,0,0,0,0,-1.000000,-1.000000,-1.000000,-1.000000,-1.000000,-1.000000,-1.000000,-1.000000
80,1,15,0.208333,2,0,2,0,2,8,0,0,0,0,0,0,0,0,6.428571,-1.000000,-1.000000,-1.000000,-1.000000,-1.000000,-1.000000,-1.000000
14,1,4,0.666667,0,0,2,0,0,0,0,0,0,0,0,0,0,0,-1.000000,-1.000000,-1.000000,-1.000000,-1.000000,-1.000000,-1.000000,-1.000000
60,1,15,0.288462,4,0,2,0,4,3,0,0,0,0,0,0,0,0,7.500000,-1.000000,-1.000000,-1.000000,-1.000000,-1.000000,-1.000000,-1.000000
58,1,13,0.260000,2,0,2,0,2,6,0,0,0,0,0,0,0,0,5.000000,-1.000000,-1.000000,-1.000000,-1.000000,-1.000000,-1.000000,-1.000000
71,1,14,0.222222,2,0,2,0,2,7,0,0,0,0,0,0,0,0,6.166667,-1.000000,-1.000000,-1.000000,-1.000000,-1.000000,-1.000000,-1.000000
83,1,18,0.240000,2,0,2,0,2,8,0,0,0,0,0,0,0,0,6.857143,-1.000000,-1.000000,-1.000000,-1.000000,-1.000000,-1.000000,-1.000000
21,0,0,0.000000,0,0,0,0,0,0,0,0,0,0,0,0,0,0,0.000000,0.000000,0.000000,0.000000,0.000000,0.000000,0.000000,0.000000
72,1,16,0.250000,2,0,2,0,2,7,0,0,0,0,0,0,0,0,6.333333,-1.000000,-1.000000,-1.000000,-1.000000,-1.000000,-1.000000,-1.000000
811,1,184,0.229141,102,0,4,0,2,74,0,0,0,0,0,0,0,0,9.712329,-1.000000,-1.000000,-1.000000,-1.000000,-1.000000,-1.000000,-1.000000
70,1,14,0.225806,2,0,2,0,2,7,0,0,0,0,0,0,0,0,6.000000,-1.000000,-1.000000,-1.000000,-1.000000,-1.000000,-1.000000,-1.000000
79,1,16,0.225352,2,0,2,0,2,8,0,0,0,0,0,0,0,0,6.285714,-1.000000,-1.000000,-1.000000,-1.000000,-1.000000,-1.000000,-1.000000
81,1,18,0.246575,2,0,2,0,2,8,0,0,0,0,0,0,0,0,6.571429,-1.000000,-1.000000,-1.000000,-1.000000,-1.000000,-1.000000,-1.000000
79,1,16,0.225352,2,0,2,0,2,8,0,0,0,0,0,0,0,0,6.285714,-1.000000,-1.000000,-1.000000,-1.000000,-1.000000,-1.000000,-1.000000
69,1,15,0.245902,2,0,2,0,2,7,0,0,0,0,0,0,0,0,5.833333,-1.000000,-1.000000,-1.000000,-1.000000,-1.000000,-1.000000,-1.000000
67,1,15,0.254237,2,0,2,0,2,7,0,0,0,0,0,0,0,0,5.500000,-1.000000,-1.000000,-1.000000,-1.000000,-1.000000,-1.000000,-1.000000
64,1,14,0.250000,2,0,2,0,2,7,0,0,0,0,0,0,0,0,5.000000,-1.000000,-1.000000,-1.000000,-1.000000,-1.000000,-1.000000,-1.000000
14,1,4,0.666667,0,0,2,0,0,0,0,0,0,0,0,0,0,0,-1.000000,-1.000000,-1.000000,-1.000000,-1.000000,-1.000000,-1.000000,-1.000000
8,1,0,0.000000,0,0,0,0,0,0,0,0,0,0,0,0,0,0,-1.000000,-1.000000,-1.000000,-1.000000,-1.000000,-1.000000,-1.000000,-1.000000
71,1,14,0.222222,2,0,2,0,2,7,0,0,0,0,0,0,0,0,6.166667,-1.000000,-1.000000,-1.000000,-1.000000,-1.000000,-1.000000,-1.000000
70,1,17,0.274194,2,0,2,0,2,7,0,0,0,0,0,0,0,0,6.000000,-1.000000,-1.000000,-1.000000,-1.000000,-1.000000,-1.000000,-1.000000
14,1,4,0.666667,0,0,2,0,0,0,0,0,0,0,0,0,0,0,-1.000000,-1.000000,-1.000000,-1.000000,-1.000000,-1.000000,-1.000000,-1.000000
71,1,14,0.222222,2,0,2,0,2,7,0,0,0,0,0,0,0,0,6.166667,-1.000000,-1.000000,-1.000000,-1.000000,-1.000000,-1.000000,-1.000000
60,1,23,0.442308,2,2,2,4,0,4,0,0,0,0,0,0,0,0,9.666667,-1.000000,-1.000000,-1.000000,-1.000000,-1.000000,-1.000000,-1.000000
80,1,15,0.208333,2,0,2,0,2,8,0,0,0,0,0,0,0,0,6.428571,-1.000000,-1.000000,-1.000000,-1.000000,-1.000000,-1.000000,-1.000000
51,1,12,0.279070,2,0,2,0,2,5,0,0,0,0,0,0,0,0,4.750000,-1.000000,-1.000000,-1.000000,-1.000000,-1.000000,-1.000000,-1.000000
62,1,13,0.240741,2,0,2,0,2,6,0,0,0,0,0,0,0,0,5.800000,-1.000000,-1.000000,-1.000000,-1.000000,-1.000000,-1.000000,-1.000000
74,1,16,0.242424,2,0,2,0,2,7,0,0,0,0,0,0,0,0,6.666667,-1.000000,-1.000000,-1.000000,-1.000000,-1.000000,-1.000000,-1.000000
73,1,15,0.230769,2,0,2,0,2,8,0,0,0,0,0,0,0,0,5.428571,-1.000000,-1.000000,-1.000000,-1.000000,-1.000000,-1.000000,-1.000000
82,1,17,0.229730,2,0,2,0,2,8,0,0,0,0,0,0,0,0,6.714286,-1.000000,-1.000000,-1.000000,-1.000000,-1.000000,-1.000000,-1.000000
86,1,15,0.192308,2,0,2,0,2,8,0,0,0,0,0,0,0,0,7.285714,-1.000000,-1.000000,-1.000000,-1.000000,-1.000000,-1.000000,-1.000000
81,1,15,0.205479,2,0,2,0,2,8,0,0,0,0,0,0,0,0,6.571429,-1.000000,-1.000000,-1.000000,-1.000000,-1.000000,-1.000000,-1.000000
770,1,172,0.225722,100,0,2,0,0,69,0,0,0,0,0,0,0,0,9.823529,-1.000000,-1.000000,-1.000000,-1.000000,-1.000000,-1.000000,-1.000000
84,1,17,0.223684,2,0,2,0,2,8,0,0,0,0,0,0,0,0,7.000000,-1.000000,-1.000000,-1.000000,-1.000000,-1.000000,-1.000000,-1.000000
15,1,5,0.714286,0,0,4,0,0,0,0,0,0,0,0,0,0,0,-1.000000,-1.000000,-1.000000,-1.000000,-1.000000,-1.000000,-1.000000,-1.000000
16,1,6,0.750000,0,0,4,0,0,0,0,0,0,0,0,0,0,0,-1.000000,-1.000000,-1.000000,-1.000000,-1.000000,-1.000000,-1.000000,-1.000000
85,1,17,0.220779,2,0,2,0,2,8,0,0,0,0,0,0,0,0,7.142857,-1.000000,-1.000000,-1.000000,-1.000000,-1.000000,-1.000000,-1.000000
80,1,16,0.222222,2,0,2,0,2,8,0,0,0,0,0,0,0,0,6.428571,-1.000000,-1.000000,-1.000000,-1.000000,-1.000000,-1.000000,-1.000000
22,1,10,0.714286,0,4,4,0,0,0,0,0,0,0,0,0,0,0,-1.000000,-1.000000,-1.000000,-1.000000,-1.000000,-1.000000,-1.000000,-1.000000
13,1,1,0.200000,0,0,0,0,0,0,0,0,0,0,0,0,0,0,-1.000000,-1.000000,-1.000000,-1.000000,-1.000000,-1.000000,-1.000000,-1.000000
42,1,15,0.441176,0,0,4,0,0,3,0,0,0,0,0,0,0,0,9.500000,-1.000000,-1.000000,-1.000000,-1.000000,-1.000000,-1.000000,-1.000000
75,1,15,0.223881,2,0,2,0,2,8,0,0,0,0,0,0,0,0,5.714286,-1.000000,-1.000000,-1.000000,-1.000000,-1.000000,-1.000000,-1.000000
9,1,1,1.000000,0,1,0,0,0,0,0,0,0,0,0,0,0,0,-1.000000,-1.000000,-1.000000,-1.000000,-1.000000,-1.000000,-1.000000,-1.000000
35,1,13,0.481481,2,2,4,4,0,0,0,0,0,0,0,0,0,0,-1.000000,-1.000000,-1.000000,-1.000000,-1.000000,-1.000000,-1.000000,-1.000000
70,1,14,0.225806,2,0,2,0,2,7,0,0,0,0,0,0,0,0,6.000000,-1.000000,-1.000000,-1.000000,-1.000000,-1.000000,-1.000000,-1.000000
22,1,10,0.714286,0,4,4,0,0,0,0,0,0,0,0,0,0,0,-1.000000,-1.000000,-1.000000,-1.000000,-1.000000,-1.000000,-1.000000,-1.000000
42,1,15,0.441176,4,2,4,2,0,3,0,0,0,0,0,0,0,0,6.500000,-1.000000,-1.000000,-1.000000,-1.000000,-1.000000,-1.000000,-1.000000
52,1,22,0.500000,2,2,4,0,6,0,0,0,2,0,0,0,0,0,-1.000000,-1.000000,-1.000000,7.000000,-1.000000,-1.000000,-1.000000,-1.000000
115,1,27,0.252336,12,0,2,2,0,10,0,0,0,0,0,0,0,0,8.000000,-1.000000,-1.000000,-1.000000,-1.000000,-1.000000,-1.000000,-1.000000
9,1,1,1.000000,0,0,0,0,0,0,0,0,0,0,0,0,0,1,-1.000000,-1.000000,-1.000000,-1.000000,-1.000000,-1.000000,-1.000000,-1.000000
77,1,16,0.231884,2,0,2,0,2,8,0,0,0,0,0,0,0,0,6.000000,-1.000000,-1.000000,-1.000000,-1.000000,-1.000000,-1.000000,-1.000000
39,1,10,0.322581,4,0,2,0,0,3,0,0,0,0,0,0,0,0,5.500000,-1.000000,-1.000000,-1.000000,-1.000000,-1.000000,-1.000000,-1.000000
66,1,14,0.241379,2,0,2,0,2,7,0,0,0,0,0,0,0,0,5.333333,-1.000000,-1.000000,-1.000000,-1.000000,-1.000000,-1.000000,-1.000000
14,1,3,0.500000,2,0,0,0,0,0,0,0,0,0,0,0,0,0,-1.000000,-1.000000,-1.000000,-1.000000,-1.000000,-1.000000,-1.000000,-1.000000
25,1,4,0.235294,0,0,2,0,0,1,0,0,0,0,0,0,0,0,-1.000000,-1.000000,-1.000000,-1.000000,-1.000000,-1.000000,-1.000000,-1.000000
16,1,4,0.500000,0,0,4,0,0,0,0,0,0,0,0,0,0,0,-1.000000,-1.000000,-1.000000,-1.000000,-1.000000,-1.000000,-1.000000,-1.000000
74,1,31,0.469697,4,2,4,4,0,5,0,0,0,0,0,0,0,0,11.250000,-1.000000,-1.000000,-1.000000,-1.000000,-1.000000,-1.000000,-1.000000
20,1,8,0.666667,0,4,2,0,0,0,0,0,0,0,0,0,0,0,-1.000000,-1.000000,-1.000000,-1.000000,-1.000000,-1.000000,-1.000000,-1.000000
19,1,7,0.636364,0,0,6,0,0,0,0,0,0,0,0,0,0,0,-1.000000,-1.000000,-1.000000,-1.000000,-1.000000,-1.000000,-1.000000,-1.000000
29,1,9,0.428571,2,0,4,2,0,1,0,0,0,0,0,0,0,0,-1.000000,-1.000000,-1.000000,-1.000000,-1.000000,-1.000000,-1.000000,-1.000000
60,1,13,0.250000,2,0,2,0,2,6,0,0,0,0,0,0,0,0,5.400000,-1.000000,-1.000000,-1.000000,-1.000000,-1.000000,-1.000000,-1.000000
51,1,16,0.372093,2,2,4,4,0,0,2,1,0,0,0,0,0,0,-1.000000,3.000000,-1.000000,-1.000000,-1.000000,-1.000000,-1.000000,-1.000000
15,1,3,0.428571,0,0,2,0,0,0,0,0,0,0,0,0,0,0,-1.000000,-1.000000,-1.000000,-1.000000,-1.000000,-1.000000,-1.000000,-1.000000
230,1,72,0.324324,22,0,4,20,0,0,0,20,0,0,0,0,0,0,-1.000000,-1.000000,6.210526,-1.000000,-1.000000,-1.000000,-1.000000,-1.000000
14,1,3,0.500000,2,0,0,0,0,0,0,0,0,0,0,0,0,0,-1.000000,-1.000000,-1.000000,-1.000000,-1.000000,-1.000000,-1.000000,-1.000000
67,1,19,0.322034,2,0,6,4,0,3,0,0,3,1,0,0,0,0,6.000000,-1.000000,-1.000000,2.500000,-1.000000,-1.000000,-1.000000,-1.000000
50,1,22,0.523810,2,2,4,0,6,0,0,0,2,0,0,0,0,0,-1.000000,-1.000000,-1.000000,7.000000,-1.000000,-1.000000,-1.000000,-1.000000
13,1,3,0.600000,0,2,0,0,0,0,0,0,0,0,0,0,0,0,-1.000000,-1.000000,-1.000000,-1.000000,-1.000000,-1.000000,-1.000000,-1.000000
44,1,13,0.361111,2,0,4,2,0,3,0,0,1,0,0,0,0,0,6.500000,-1.000000,-1.000000,-1.000000,-1.000000,-1.000000,-1.000000,-1.000000
42,1,15,0.441176,0,0,4,0,0,3,0,0,0,0,0,0,0,0,9.500000,-1.000000,-1.000000,-1.000000,-1.000000,-1.000000,-1.000000,-1.000000
89,1,20,0.246914,2,2,4,0,0,6,0,0,2,0,0,0,0,0,7.600000,-1.000000,-1.000000,18.000000,-1.000000,-1.000000,-1.000000,-1.000000
78,1,20,0.285714,0,0,4,0,0,5,0,0,0,0,0,0,0,0,13.750000,-1.000000,-1.000000,-1.000000,-1.000000,-1.000000,-1.000000,-1.000000
78,1,15,0.214286,2,0,2,0,2,8,0,0,0,0,0,0,0,0,6.142857,-1.000000,-1.000000,-1.000000,-1.000000,-1.000000,-1.000000,-1.000000
16,1,6,0.750000,0,0,4,0,0,0,0,0,0,0,0,0,0,0,-1.000000,-1.000000,-1.000000,-1.000000,-1.000000,-1.000000,-1.000000,-1.000000
76,1,15,0.220588,2,0,2,0,2,8,0,0,0,0,0,0,0,0,5.857143,-1.000000,-1.000000,-1.000000,-1.000000,-1.000000,-1.000000,-1.000000
17,1,7,0.777778,0,0,4,2,0,0,0,0,0,0,0,0,0,0,-1.000000,-1.000000,-1.000000,-1.000000,-1.000000,-1.000000,-1.000000,-1.000000
17,1,5,0.555556,0,0,4,0,0,0,0,0,0,0,0,0,0,0,-1.000000,-1.000000,-1.000000,-1.000000,-1.000000,-1.000000,-1.000000,-1.000000
15,1,5,0.714286,0,0,4,0,0,0,0,0,0,0,0,0,0,0,-1.000000,-1.000000,-1.000000,-1.000000,-1.000000,-1.000000,-1.000000,-1.000000
75,1,20,0.298507,0,0,4,0,0,5,0,0,0,0,0,0,0,0,13.000000,-1.000000,-1.000000,-1.000000,-1.000000,-1.000000,-1.000000,-1.000000
51,1,16,0.372093,2,2,4,4,0,0,2,0,0,0,0,0,0,0,-1.000000,3.000000,-1.000000,-1.000000,-1.000000,-1.000000,-1.000000,-1.000000
30,1,6,0.272727,0,0,4,0,0,0,1,0,0,0,0,0,0,0,-1.000000,-1.000000,-1.000000,-1.000000,-1.000000,-1.000000,-1.000000,-1.000000
45,1,15,0.405405,0,0,4,0,0,3,0,0,0,0,0,0,0,0,9.500000,-1.000000,-1.000000,-1.000000,-1.000000,-1.000000,-1.000000,-1.000000
37,1,13,0.448276,2,0,4,0,2,0,0,0,0,0,0,0,0,0,-1.000000,-1.000000,-1.000000,-1.000000,-1.000000,-1.000000,-1.000000,-1.000000
18,1,6,0.600000,0,0,4,0,0,0,0,0,0,0,0,0,0,0,-1.000000,-1.000000,-1.000000,-1.000000,-1.000000,-1.000000,-1.000000,-1.000000
26,1,7,0.388889,2,0,4,0,0,1,0,0,0,0,0,0,0,0,-1.000000,-1.000000,-1.000000,-1.000000,-1.000000,-1.000000,-1.000000,-1.000000
75,1,20,0.298507,0,0,4,0,0,5,0,0,0,0,0,0,0,0,13.000000,-1.000000,-1.000000,-1.000000,-1.000000,-1.000000,-1.000000,-1.000000
29,1,9,0.428571,0,0,4,0,0,1,0,0,0,0,0,0,0,0,-1.000000,-1.000000,-1.000000,-1.000000,-1.000000,-1.000000,-1.000000,-1.000000
17,1,7,0.777778,0,0,4,2,0,0,0,0,0,0,0,0,0,0,-1.000000,-1.000000,-1.000000,-1.000000,-1.000000,-1.000000,-1.000000,-1.000000
21,1,6,0.461538,2,0,4,0,0,0,0,0,0,0,0,0,0,0,-1.000000,-1.000000,-1.000000,-1.000000,-1.000000,-1.000000,-1.000000,-1.000000
